remote_share,annual_attrition,rep,seed,velocity,total_velocity,avg_wait,blockers_resolved,completed_tasks,mean_skill,attrition_count
0.0,0.08,0,1000800001000,715,17155,1.3600654664484453,1222,6301,0.8966628861851234,0
0.0,0.08,1,1000800001001,731,17173,1.3465503568596353,1261,6206,0.8965371431410125,0
0.0,0.08,2,1000800001002,719,17147,1.3696343402225755,1258,6245,0.8585184051925548,3
0.0,0.08,3,1000800001003,728,17152,1.3996852871754524,1271,6194,0.894141708073672,1
0.0,0.08,4,1000800001004,723,17163,1.3842323651452282,1205,6272,0.8963410290441395,0
0.0,0.08,5,1000800001005,715,17162,1.3843700159489634,1254,6197,0.8795274645833919,1
0.0,0.08,6,1000800001006,716,17193,1.3293310463121784,1166,6263,0.8527628549160085,1
0.0,0.08,7,1000800001007,726,17179,1.337936636880585,1231,6250,0.8887962487935266,2
0.0,0.08,8,1000800001008,705,17115,1.416024653312789,1298,6207,0.8945740165228108,2
0.0,0.08,9,1000800001009,711,17115,1.3643351268255188,1301,6299,0.8729869592399012,2
0.0,0.08,10,1000800001010,709,17141,1.3870445344129554,1235,6272,0.8609861485892953,3
0.0,0.08,11,1000800001011,730,17137,1.4208860759493671,1264,6207,0.8963567217838216,0
0.0,0.08,12,1000800001012,717,17144,1.39203187250996,1255,6210,0.8945447934564094,1
0.0,0.08,13,1000800001013,725,17125,1.4135458167330677,1255,6267,0.8932535443052357,1
0.0,0.08,14,1000800001014,709,17139,1.3778476040848389,1273,6233,0.8960988119853808,1
0.0,0.08,15,1000800001015,726,17181,1.3059885151763742,1219,6279,0.8971427364731083,0
0.0,0.08,16,1000800001016,719,17144,1.3390847711927982,1333,6213,0.8947918177561196,1
0.0,0.08,17,1000800001017,728,17126,1.3810276679841897,1265,6290,0.89675256983467,0
0.0,0.08,18,1000800001018,715,17159,1.3217859892224788,1299,6233,0.8972874176120792,0
0.0,0.08,19,1000800001019,725,17160,1.3570843570843572,1221,6266,0.8441297445511029,3
0.2,0.08,0,1000800201000,704,17070,1.5028478437754271,1229,6245,0.8961943826720841,0
0.2,0.08,1,1000800201001,722,17057,1.5469255663430421,1236,6261,0.8949985616838323,1
0.2,0.08,2,1000800201002,721,17130,1.4569983136593592,1186,6209,0.8960943154886134,0
0.2,0.08,3,1000800201003,722,17074,1.588089330024814,1209,6147,0.8961863670884374,0
0.2,0.08,4,1000800201004,712,17076,1.4762295081967214,1220,6274,0.8964512061330003,1
0.2,0.08,5,1000800201005,710,17051,1.5405192761605035,1271,6209,0.896586131317713,0
0.2,0.08,6,1000800201006,723,17080,1.4559873116574147,1261,6274,0.8964453507167816,0
0.2,0.08,7,1000800201007,722,17049,1.5912408759124088,1233,6199,0.8959471661068275,0
0.2,0.08,8,1000800201008,706,17089,1.5378657487091223,1162,6230,0.8957054995254898,0
0.2,0.08,9,1000800201009,709,17024,1.5909090909090908,1232,6265,0.8890181059044092,2
0.2,0.08,10,1000800201010,709,17087,1.501195219123506,1255,6189,0.8967582257537483,0
0.2,0.08,11,1000800201011,708,17062,1.4936305732484076,1256,6265,0.8934261145115009,1
0.2,0.08,12,1000800201012,721,17079,1.5406301824212272,1206,6223,0.8958091718560102,0
0.2,0.08,13,1000800201013,700,17102,1.486284289276808,1203,6219,0.8966799381174366,0
0.2,0.08,14,1000800201014,708,17049,1.525530243519246,1273,6231,0.896814923955475,0
0.2,0.08,15,1000800201015,705,17092,1.5263598326359833,1195,6205,0.89589040479616,1
0.2,0.08,16,1000800201016,717,17008,1.656025538707103,1253,6187,0.8408078808605104,4
0.2,0.08,17,1000800201017,704,17088,1.5101214574898785,1235,6182,0.885205659698661,1
0.2,0.08,18,1000800201018,715,17037,1.6226870474658086,1243,6127,0.896052545175222,0
0.2,0.08,19,1000800201019,720,17067,1.5297959183673469,1225,6271,0.8960734475753501,0
0.4,0.08,0,1000800401000,725,16942,1.722662440570523,1262,6209,0.8964150480618681,0
0.4,0.08,1,1000800401001,718,17016,1.6903973509933774,1208,6127,0.8795810217885961,3
0.4,0.08,2,1000800401002,718,16977,1.7055016181229774,1236,6199,0.8960759200046068,0
0.4,0.08,3,1000800401003,724,17021,1.5976653696498055,1285,6136,0.896289799356351,0
0.4,0.08,4,1000800401004,719,16987,1.668,1250,6179,0.8866341800820287,2
0.4,0.08,5,1000800401005,716,16980,1.704122877930477,1237,6150,0.8911880361477171,1
0.4,0.08,6,1000800401006,717,17022,1.6323411102172165,1243,6139,0.8963994723212816,0
0.4,0.08,7,1000800401007,716,16985,1.7226753670473083,1226,6146,0.8955239480734136,0
0.4,0.08,8,1000800401008,701,17026,1.6543816543816543,1221,6100,0.8659105015173445,2
0.4,0.08,9,1000800401009,710,16973,1.7219551282051282,1248,6175,0.8962162505502297,0
0.4,0.08,10,1000800401010,721,17026,1.6263463131731566,1207,6170,0.8963925282496955,0
0.4,0.08,11,1000800401011,701,16943,1.7667493796526055,1209,6183,0.8397639802074803,3
0.4,0.08,12,1000800401012,709,16971,1.651702786377709,1292,6220,0.8605995710539937,1
0.4,0.08,13,1000800401013,717,16940,1.7539432176656151,1268,6141,0.846145856259179,1
0.4,0.08,14,1000800401014,716,16992,1.673913043478261,1242,6150,0.8958144765728686,0
0.4,0.08,15,1000800401015,725,16966,1.7299444003177125,1259,6133,0.8901502860073368,1
0.4,0.08,16,1000800401016,720,17004,1.6771004942339374,1214,6181,0.8956026925087468,1
0.4,0.08,17,1000800401017,693,16990,1.7008403361344537,1190,6187,0.895667687744975,0
0.4,0.08,18,1000800401018,703,16992,1.7040133779264215,1196,6175,0.8958613628064251,1
0.4,0.08,19,1000800401019,722,17027,1.6203037569944045,1251,6155,0.8962684707791265,0
0.6,0.08,0,1000800601000,709,16939,1.7871125611745513,1226,6154,0.8957939974655401,0
0.6,0.08,1,1000800601001,710,16856,1.974188176519567,1201,6144,0.8571713793437599,2
0.6,0.08,2,1000800601002,699,16962,1.7462562396006656,1202,6172,0.8965190063387312,0
0.6,0.08,3,1000800601003,706,16868,1.8322932917316692,1282,6161,0.8871259732732074,2
0.6,0.08,4,1000800601004,722,16892,1.8596059113300492,1218,6219,0.8954349638830716,1
0.6,0.08,5,1000800601005,719,16885,1.8730800323362975,1237,6163,0.8958192744837163,0
0.6,0.08,6,1000800601006,715,16942,1.7406819984139572,1261,6138,0.8964517094330244,0
0.6,0.08,7,1000800601007,718,16902,1.8669456066945607,1195,6198,0.8944591310357529,1
0.6,0.08,8,1000800601008,717,16940,1.7958860759493671,1264,6060,0.8957280714806727,0
0.6,0.08,9,1000800601009,723,16937,1.8604060913705585,1182,6119,0.8950818174923076,0
0.6,0.08,10,1000800601010,702,16948,1.739952718676123,1269,6129,0.8961919001791825,0
0.6,0.08,11,1000800601011,716,16891,1.8594507269789984,1238,6132,0.8959219456785841,0
0.6,0.08,12,1000800601012,704,16853,1.901185770750988,1265,6147,0.8677885815931503,2
0.6,0.08,13,1000800601013,702,16925,1.7551669316375198,1258,6160,0.8962528016607928,0
0.6,0.08,14,1000800601014,714,16879,1.8108527131782945,1290,6160,0.89621768180123,0
0.6,0.08,15,1000800601015,705,16883,1.8906882591093117,1235,6132,0.895714679778974,0
0.6,0.08,16,1000800601016,716,16900,1.8998330550918197,1198,6114,0.8697383431901933,1
0.6,0.08,17,1000800601017,723,16916,1.817283950617284,1215,6181,0.8800333137386834,1
0.6,0.08,18,1000800601018,715,16978,1.71334431630972,1214,6141,0.8965454629659181,1
0.6,0.08,19,1000800601019,711,16952,1.7964970809007506,1199,6108,0.8959362095787775,0
0.8,0.08,0,1000800801000,702,16783,2.0915254237288137,1180,6191,0.8545131821346527,1
0.8,0.08,1,1000800801001,696,16773,2.132540356839422,1177,6110,0.8728422612769802,3
0.8,0.08,2,1000800801002,709,16814,2.040462427745665,1211,6060,0.896029498319194,0
0.8,0.08,3,1000800801003,715,16775,2.0047281323877066,1269,6129,0.8956890968339909,0
0.8,0.08,4,1000800801004,704,16849,1.9074529074529074,1221,6169,0.8962431255602405,0
0.8,0.08,5,1000800801005,704,16765,2.0947791164658636,1245,6050,0.8935686139093555,1
0.8,0.08,6,1000800801006,702,16858,1.9373970345963756,1214,6121,0.8936813180929931,1
0.8,0.08,7,1000800801007,707,16795,1.9600920951650038,1303,6082,0.8941440012529981,1
0.8,0.08,8,1000800801008,716,16809,2.010603588907015,1226,6127,0.8955648680267443,0
0.8,0.08,9,1000800801009,694,16720,2.1505204163330665,1249,6089,0.889004531541409,2
0.8,0.08,10,1000800801010,694,16814,1.9911147011308563,1238,6104,0.89562288082228,0
0.8,0.08,11,1000800801011,710,16791,1.9976415094339623,1272,6083,0.8959025347165369,0
0.8,0.08,12,1000800801012,715,16850,2.0041356492969395,1209,6047,0.8950414924221499,1
0.8,0.08,13,1000800801013,722,16830,1.9590361445783133,1245,6126,0.8955018632855379,0
0.8,0.08,14,1000800801014,716,16861,1.8752012882447664,1242,6189,0.8961201743144264,0
0.8,0.08,15,1000800801015,707,16774,2.1059602649006623,1208,6099,0.893293783979823,1
0.8,0.08,16,1000800801016,716,16848,1.9474979491386382,1219,6097,0.8951502090939281,1
0.8,0.08,17,1000800801017,700,16858,2.0166666666666666,1140,6146,0.8951303448671759,0
0.8,0.08,18,1000800801018,713,16813,2.0382377389858686,1203,6107,0.8576089024781703,3
0.8,0.08,19,1000800801019,713,16805,2.0403225806451615,1240,6017,0.8959839698938753,0
1.0,0.08,0,1000801001000,715,16727,2.2201986754966887,1208,6013,0.8947087753278632,1
1.0,0.08,1,1000801001001,709,16749,2.1429752066115704,1210,6110,0.89542369013413,0
1.0,0.08,2,1000801001002,720,16669,2.304312449145647,1229,6040,0.893443327840578,1
1.0,0.08,3,1000801001003,718,16698,2.3482849604221636,1137,6111,0.8686512544549,2
1.0,0.08,4,1000801001004,719,16722,2.2068690095846644,1252,5982,0.8751863179178654,3
1.0,0.08,5,1000801001005,718,16702,2.2718035563082135,1181,6129,0.8947564872402726,1
1.0,0.08,6,1000801001006,708,16763,2.1986242476354256,1163,6069,0.8911422330357078,1
1.0,0.08,7,1000801001007,721,16745,2.201000834028357,1199,6068,0.8951184007903196,0
1.0,0.08,8,1000801001008,712,16763,2.077232502011263,1243,6083,0.8961584684590014,0
1.0,0.08,9,1000801001009,713,16816,2.0024772914946327,1211,6140,0.8741559354693658,1
1.0,0.08,10,1000801001010,707,16734,2.146558704453441,1235,6047,0.8750881983673129,1
1.0,0.08,11,1000801001011,697,16679,2.3666107382550337,1192,6009,0.825772568313571,4
1.0,0.08,12,1000801001012,708,16740,2.0999206978588423,1261,6066,0.8953648336507104,0
1.0,0.08,13,1000801001013,717,16655,2.276083467094703,1246,6068,0.8948154169497029,0
1.0,0.08,14,1000801001014,702,16705,2.269198312236287,1185,6108,0.8950922717185827,0
1.0,0.08,15,1000801001015,720,16778,2.047696038803557,1237,6101,0.8912298455084835,1
1.0,0.08,16,1000801001016,722,16720,2.155394524959742,1242,6058,0.8907220058979739,1
1.0,0.08,17,1000801001017,709,16718,2.197346600331675,1206,6131,0.8954891762586119,0
1.0,0.08,18,1000801001018,706,16713,2.1845906902086676,1246,6024,0.8902927449272593,1
1.0,0.08,19,1000801001019,733,16799,2.1092150170648463,1172,6095,0.8936046505502994,1
0.0,0.12,0,1001200001000,729,17167,1.352989352989353,1221,6261,0.8943637066591208,1
0.0,0.12,1,1001200001001,720,17130,1.4024960998439937,1282,6228,0.8941811639250021,1
0.0,0.12,2,1001200001002,716,17147,1.357936507936508,1260,6284,0.8799108195359091,1
0.0,0.12,3,1001200001003,715,17132,1.3899920571882447,1259,6280,0.8964045095598993,0
0.0,0.12,4,1001200001004,711,17163,1.3545527800161161,1241,6238,0.8965515056137482,0
0.0,0.12,5,1001200001005,725,17147,1.3823529411764706,1292,6237,0.8848353730957836,2
0.0,0.12,6,1001200001006,702,17149,1.4059247397918335,1249,6183,0.8714741748387811,3
0.0,0.12,7,1001200001007,722,17128,1.393822393822394,1295,6234,0.8968799127891938,0
0.0,0.12,8,1001200001008,703,17123,1.448220064724919,1236,6230,0.853238478379741,2
0.0,0.12,9,1001200001009,725,17139,1.4126984126984128,1260,6234,0.8896557510525301,1
0.0,0.12,10,1001200001010,717,17142,1.4261363636363635,1232,6230,0.8746100258540338,1
0.0,0.12,11,1001200001011,721,17145,1.4230132450331126,1208,6261,0.8661063226851733,2
0.0,0.12,12,1001200001012,722,17178,1.3351910828025477,1256,6212,0.8963142115467189,0
0.0,0.12,13,1001200001013,719,17135,1.4264825345247767,1231,6257,0.8588846208135547,3
0.0,0.12,14,1001200001014,722,17140,1.4040650406504065,1230,6256,0.875463243805676,2
0.0,0.12,15,1001200001015,714,17124,1.4053417124901806,1273,6261,0.8946143232966228,1
0.0,0.12,16,1001200001016,723,17149,1.346969696969697,1320,6211,0.8966898106087624,0
0.0,0.12,17,1001200001017,725,17162,1.3469224620303757,1251,6233,0.8969836055547787,0
0.0,0.12,18,1001200001018,706,17159,1.3806818181818181,1232,6229,0.896575557282838,0
0.0,0.12,19,1001200001019,714,17142,1.3954581049334378,1277,6189,0.8920143020874864,1
0.2,0.12,0,1001200201000,728,17118,1.4337349397590362,1245,6227,0.8967714557075123,1
0.2,0.12,1,1001200201001,722,17079,1.5235772357723578,1230,6187,0.89659488390421,0
0.2,0.12,2,1001200201002,721,17029,1.565799842395587,1269,6251,0.8962079746563513,0
0.2,0.12,3,1001200201003,719,17049,1.5728760717069368,1283,6167,0.8936960518653407,2
0.2,0.12,4,1001200201004,727,17119,1.4481927710843374,1245,6214,0.896543874500777,0
0.2,0.12,5,1001200201005,719,17075,1.5410358565737052,1255,6098,0.8700444625834061,3
0.2,0.12,6,1001200201006,726,17121,1.4789644012944985,1236,6154,0.8963315812188342,0
0.2,0.12,7,1001200201007,717,17041,1.6084142394822007,1236,6174,0.8872507881870497,1
0.2,0.12,8,1001200201008,727,17080,1.5182829888712241,1258,6175,0.8962524504650446,0
0.2,0.12,9,1001200201009,722,17070,1.4885145482388975,1306,6213,0.8965595917042583,1
0.2,0.12,10,1001200201010,708,17036,1.5903426791277258,1284,6157,0.8751071511189545,2
0.2,0.12,11,1001200201011,723,17130,1.495711835334477,1166,6180,0.8958597052858508,0
0.2,0.12,12,1001200201012,715,17057,1.595655806182122,1197,6198,0.8914742352741009,1
0.2,0.12,13,1001200201013,710,17082,1.5281456953642385,1208,6232,0.895967187914643,0
0.2,0.12,14,1001200201014,695,16969,1.6553359683794466,1265,6234,0.8875079274403811,5
0.2,0.12,15,1001200201015,731,17068,1.53102336825141,1241,6198,0.8480972873599167,3
0.2,0.12,16,1001200201016,710,17069,1.516783762685402,1281,6152,0.8415768788137331,4
0.2,0.12,17,1001200201017,720,17042,1.5947712418300655,1224,6216,0.892997794153873,1
0.2,0.12,18,1001200201018,725,17088,1.4603803486529319,1262,6260,0.8962777263200621,0
0.2,0.12,19,1001200201019,706,17059,1.540192926045016,1244,6205,0.8958774427310588,0
0.4,0.12,0,1001200401000,709,16976,1.6440030557677616,1309,6146,0.8961308576049072,1
0.4,0.12,1,1001200401001,719,16971,1.751417004048583,1235,6092,0.8869704046848899,1
0.4,0.12,2,1001200401002,713,16968,1.6873489121676069,1241,6246,0.8960863218762469,0
0.4,0.12,3,1001200401003,709,17007,1.7180762852404643,1206,6096,0.8785702977447711,2
0.4,0.12,4,1001200401004,710,16966,1.764946764946765,1221,6147,0.8636855486088896,5
0.4,0.12,5,1001200401005,719,17003,1.7228714524207012,1198,6120,0.8952581044364631,0
0.4,0.12,6,1001200401006,723,16885,1.8280254777070064,1256,6213,0.8923590453829767,2
0.4,0.12,7,1001200401007,709,16962,1.6731974921630095,1276,6208,0.8900366869770894,1
0.4,0.12,8,1001200401008,710,17015,1.649665551839465,1196,6241,0.8966568247947805,0
0.4,0.12,9,1001200401009,717,17031,1.6,1195,6238,0.8966955350287391,0
0.4,0.12,10,1001200401010,709,16967,1.7444535743631882,1217,6173,0.8859908709041854,1
0.4,0.12,11,1001200401011,721,17006,1.6551724137931034,1247,6127,0.8846730046240137,2
0.4,0.12,12,1001200401012,710,16931,1.6938622754491017,1336,6161,0.8854427977006152,1
0.4,0.12,13,1001200401013,731,17016,1.6906170752324599,1183,6192,0.8939761716205737,1
0.4,0.12,14,1001200401014,723,17043,1.5783828382838283,1212,6225,0.8963587021508497,0
0.4,0.12,15,1001200401015,723,16964,1.7251787132644956,1259,6140,0.8948147844901394,1
0.4,0.12,16,1001200401016,723,16964,1.6462585034013606,1323,6196,0.8949559226426445,1
0.4,0.12,17,1001200401017,714,17018,1.5750196386488609,1273,6208,0.8969274858398559,0
0.4,0.12,18,1001200401018,719,17037,1.597457627118644,1180,6249,0.8960243302237758,0
0.4,0.12,19,1001200401019,718,16952,1.7430610626486915,1261,6155,0.8954160179370106,1
0.6,0.12,0,1001200601000,687,16850,1.9417152373022482,1201,6195,0.8837741052455306,2
0.6,0.12,1,1001200601001,704,16924,1.8048979591836736,1225,6172,0.8932349747849175,1
0.6,0.12,2,1001200601002,701,16886,1.870235198702352,1233,6158,0.8937458851461937,2
0.6,0.12,3,1001200601003,716,16886,1.8884364820846906,1228,6135,0.8451800449362359,3
0.6,0.12,4,1001200601004,708,16874,1.882686084142395,1236,6128,0.8923862829894251,1
0.6,0.12,5,1001200601005,722,16868,1.8737092930897539,1259,6127,0.8804532573743391,1
0.6,0.12,6,1001200601006,715,16965,1.7310855263157894,1216,6167,0.8957501060718538,0
0.6,0.12,7,1001200601007,712,16790,2.069102462271644,1259,6016,0.8811643825225751,2
0.6,0.12,8,1001200601008,715,16857,1.8315467075038285,1306,6226,0.8944717060763452,1
0.6,0.12,9,1001200601009,710,16823,1.9100946372239747,1268,6192,0.8748275948663204,3
0.6,0.12,10,1001200601010,708,16845,1.9823232323232323,1188,6203,0.8872141541563636,1
0.6,0.12,11,1001200601011,718,16886,1.8884430176565008,1246,6096,0.894829424695204,1
0.6,0.12,12,1001200601012,714,16890,1.8691437802907915,1238,6154,0.8810052304102408,1
0.6,0.12,13,1001200601013,706,16835,1.9646586345381527,1245,6093,0.8866112309690646,2
0.6,0.12,14,1001200601014,723,16944,1.8031693077564637,1199,6174,0.8962284830906715,0
0.6,0.12,15,1001200601015,708,16844,1.972,1250,6052,0.8911830971062509,1
0.6,0.12,16,1001200601016,717,16893,1.9200666111573688,1201,6148,0.8953397960991323,0
0.6,0.12,17,1001200601017,695,16976,1.7609060402684564,1192,6125,0.8138042419396724,2
0.6,0.12,18,1001200601018,699,16928,1.7615629984051038,1254,6148,0.8960704107638175,1
0.6,0.12,19,1001200601019,711,16917,1.8229587712206952,1237,6123,0.8761156467340987,2
0.8,0.12,0,1001200801000,704,16783,2.1616248919619707,1157,6105,0.8846722167846595,3
0.8,0.12,1,1001200801001,711,16752,2.128928283642224,1241,6086,0.8589603855451993,3
0.8,0.12,2,1001200801002,708,16780,2.042925278219396,1258,6078,0.8954585826588867,0
0.8,0.12,3,1001200801003,716,16783,1.9969135802469136,1296,6047,0.8795652304690899,1
0.8,0.12,4,1001200801004,711,16769,2.037509976057462,1253,6123,0.856160591919337,1
0.8,0.12,5,1001200801005,716,16831,1.990983606557377,1220,6091,0.8521904072268374,2
0.8,0.12,6,1001200801006,704,16837,2.0187713310580206,1172,6139,0.8951544163293326,0
0.8,0.12,7,1001200801007,726,16750,2.1336593317033414,1227,6118,0.8935275175402599,1
0.8,0.12,8,1001200801008,722,16811,2.044776119402985,1206,6093,0.8952307631916346,1
0.8,0.12,9,1001200801009,703,16677,2.147036181678214,1299,6122,0.8410281054400093,4
0.8,0.12,10,1001200801010,712,16846,1.957166392092257,1214,6128,0.8957333697108754,0
0.8,0.12,11,1001200801011,706,16665,2.2396166134185305,1252,6121,0.859451222338992,4
0.8,0.12,12,1001200801012,701,16803,2.0446280991735537,1210,6095,0.89306203344354,2
0.8,0.12,13,1001200801013,708,16732,2.12241653418124,1258,6091,0.8707843879386032,2
0.8,0.12,14,1001200801014,700,16758,2.071656050955414,1256,6081,0.8322457465109361,4
0.8,0.12,15,1001200801015,679,16817,1.9926590538336053,1226,6095,0.7890897563950181,3
0.8,0.12,16,1001200801016,715,16742,2.1569255404323457,1249,5997,0.8842953675246573,4
0.8,0.12,17,1001200801017,706,16716,2.31787521079258,1186,6007,0.862937799698304,3
0.8,0.12,18,1001200801018,719,16851,1.918559122944401,1277,6058,0.8962463696575392,0
0.8,0.12,19,1001200801019,709,16791,2.104995766299746,1181,6110,0.8449753105846657,3
1.0,0.12,0,1001201001000,714,16769,2.0224806201550387,1290,6061,0.844709249141603,1
1.0,0.12,1,1001201001001,708,16599,2.3278688524590163,1281,6087,0.8831066139016496,3
1.0,0.12,2,1001201001002,693,16777,2.097381342062193,1222,6030,0.8562700035455775,1
1.0,0.12,3,1001201001003,708,16777,2.058968058968059,1221,6110,0.8854330178589451,1
1.0,0.12,4,1001201001004,713,16596,2.4368378158109207,1227,6040,0.8745291186572979,4
1.0,0.12,5,1001201001005,701,16799,1.9468675654242664,1261,6184,0.8962146468900608,0
1.0,0.12,6,1001201001006,712,16733,2.1555733761026463,1247,6051,0.8400737067445414,2
1.0,0.12,7,1001201001007,699,16782,2.128486897717667,1183,6070,0.8793883384894583,1
1.0,0.12,8,1001201001008,700,16711,2.1666666666666665,1248,6076,0.8534216241120584,1
1.0,0.12,9,1001201001009,697,16685,2.276456111566858,1219,6041,0.870244526242044,3
1.0,0.12,10,1001201001010,716,16681,2.1704456606724003,1279,6059,0.8955781520322489,1
1.0,0.12,11,1001201001011,713,16825,2.047185430463576,1208,6030,0.8962015400888038,0
1.0,0.12,12,1001201001012,720,16807,2.121609798775153,1143,6098,0.8861017577728155,1
1.0,0.12,13,1001201001013,716,16723,2.2144638403990027,1203,6064,0.8693286729934746,2
1.0,0.12,14,1001201001014,698,16657,2.2350157728706623,1268,6078,0.8834674296858293,3
1.0,0.12,15,1001201001015,706,16734,2.149003984063745,1255,6014,0.8956017462155559,0
1.0,0.12,16,1001201001016,709,16775,2.122602168473728,1199,6107,0.8950182150067798,0
1.0,0.12,17,1001201001017,713,16768,2.0846091861402094,1241,6072,0.8959067416456072,0
1.0,0.12,18,1001201001018,683,16705,2.1900958466453675,1252,6072,0.8522369753654979,1
1.0,0.12,19,1001201001019,708,16727,2.20836820083682,1195,6084,0.8947488212329773,0
0.0,0.2,0,1002000001000,714,17179,1.327790973871734,1263,6194,0.8969036520447513,1
0.0,0.2,1,1002000001001,710,17150,1.3594771241830066,1224,6311,0.8655251367913104,1
0.0,0.2,2,1002000001002,739,17177,1.3632619439868203,1214,6237,0.8844801555031424,1
0.0,0.2,3,1002000001003,715,17161,1.3802931596091206,1228,6240,0.8798314034226606,2
0.0,0.2,4,1002000001004,706,17167,1.338095238095238,1260,6188,0.893045950289622,2
0.0,0.2,5,1002000001005,720,17163,1.3985148514851484,1212,6196,0.8623706492999069,3
0.0,0.2,6,1002000001006,727,17116,1.4305882352941177,1275,6246,0.8575543976002568,6
0.0,0.2,7,1002000001007,716,17136,1.414516129032258,1240,6259,0.8903819987723216,2
0.0,0.2,8,1002000001008,723,17159,1.4040816326530612,1225,6232,0.8469277504761162,3
0.0,0.2,9,1002000001009,707,17165,1.3371150729335495,1234,6248,0.8619621508268954,1
0.0,0.2,10,1002000001010,717,17159,1.3756906077348066,1267,6178,0.8488801455599633,2
0.0,0.2,11,1002000001011,718,17159,1.3701350277998412,1259,6190,0.8517508471849305,2
0.0,0.2,12,1002000001012,713,17141,1.4445364238410596,1208,6210,0.798681367521373,5
0.0,0.2,13,1002000001013,708,17095,1.3757575757575757,1320,6326,0.8914470440118082,2
0.0,0.2,14,1002000001014,718,17133,1.4185680566483083,1271,6213,0.8656868846110113,3
0.0,0.2,15,1002000001015,723,17133,1.410361842105263,1216,6287,0.8542076335336347,5
0.0,0.2,16,1002000001016,717,17124,1.4672268907563024,1190,6269,0.8806782402704497,5
0.0,0.2,17,1002000001017,727,17165,1.398858075040783,1226,6189,0.8959064991025489,0
0.0,0.2,18,1002000001018,723,17158,1.4388429752066116,1210,6215,0.8756238750674996,2
0.0,0.2,19,1002000001019,702,17125,1.40829346092504,1254,6232,0.886642907548001,3
0.2,0.2,0,1002000201000,713,17019,1.6077963404932378,1257,6235,0.8866017766377737,2
0.2,0.2,1,1002000201001,712,17061,1.5385239253852392,1233,6240,0.8938623905724716,1
0.2,0.2,2,1002000201002,724,17055,1.5263578274760383,1252,6267,0.8961241907579248,1
0.2,0.2,3,1002000201003,711,17059,1.5559157212317667,1234,6194,0.8853050809099823,1
0.2,0.2,4,1002000201004,722,17113,1.433227344992051,1258,6215,0.8889586868083187,1
0.2,0.2,5,1002000201005,713,17071,1.5409429280397022,1209,6243,0.8913425920092191,1
0.2,0.2,6,1002000201006,706,17078,1.5520661157024793,1210,6165,0.8557671241777701,4
0.2,0.2,7,1002000201007,713,17103,1.515201314708299,1217,6188,0.8613311696236231,2
0.2,0.2,8,1002000201008,728,17093,1.4991789819376027,1218,6221,0.888973419862517,1
0.2,0.2,9,1002000201009,714,17070,1.5376766091051806,1274,6108,0.8939373449579836,3
0.2,0.2,10,1002000201010,720,17016,1.6164488854727133,1301,6139,0.8890769341385504,3
0.2,0.2,11,1002000201011,725,17050,1.5713101160862355,1206,6259,0.8386123915877362,4
0.2,0.2,12,1002000201012,716,17058,1.5691699604743083,1265,6124,0.8859135951037225,1
0.2,0.2,13,1002000201013,728,17059,1.580564784053156,1204,6206,0.8550510333756494,6
0.2,0.2,14,1002000201014,720,16974,1.7283142389525368,1222,6235,0.8874940170995209,4
0.2,0.2,15,1002000201015,716,17081,1.473848555815769,1281,6230,0.8430367567164083,3
0.2,0.2,16,1002000201016,729,17082,1.5669421487603306,1210,6160,0.8753460626110862,4
0.2,0.2,17,1002000201017,706,17108,1.4614767255216694,1246,6185,0.8099464801507796,3
0.2,0.2,18,1002000201018,714,17114,1.5089285714285714,1232,6104,0.8868296661074592,1
0.2,0.2,19,1002000201019,720,17031,1.527906976744186,1290,6218,0.8797112836314795,4
0.4,0.2,0,1002000401000,712,16980,1.7526617526617527,1221,6073,0.8480122972662348,4
0.4,0.2,1,1002000401001,717,16991,1.7096512570965126,1233,6136,0.8953250268825533,0
0.4,0.2,2,1002000401002,714,16943,1.7356143079315707,1286,6121,0.8892134744272147,2
0.4,0.2,3,1002000401003,711,17037,1.658005029337804,1193,6131,0.8934091926853366,1
0.4,0.2,4,1002000401004,702,16951,1.7928452579034941,1202,6164,0.8754728279385386,2
0.4,0.2,5,1002000401005,711,16958,1.692728694292416,1279,6190,0.8957415945912416,1
0.4,0.2,6,1002000401006,725,16957,1.7337662337662338,1232,6235,0.893271066764614,2
0.4,0.2,7,1002000401007,699,16918,1.8322528363047001,1234,6111,0.8487194968212668,4
0.4,0.2,8,1002000401008,716,16990,1.740016992353441,1177,6182,0.8854630178248912,2
0.4,0.2,9,1002000401009,715,16974,1.7209876543209877,1215,6185,0.8498921935562009,3
0.4,0.2,10,1002000401010,702,16992,1.712634186622626,1211,6159,0.8684359076275685,2
0.4,0.2,11,1002000401011,725,17002,1.7293729372937294,1212,6119,0.8853025568371071,2
0.4,0.2,12,1002000401012,707,16942,1.764279967819791,1243,6144,0.8817019240651097,3
0.4,0.2,13,1002000401013,702,16966,1.705651491365777,1274,6125,0.8525429336990076,3
0.4,0.2,14,1002000401014,713,16973,1.795551753635586,1169,6158,0.8955728407907397,0
0.4,0.2,15,1002000401015,705,16987,1.630568356374808,1302,6167,0.8967542139625987,0
0.4,0.2,16,1002000401016,703,17008,1.662107803700724,1243,6118,0.8957079788559776,0
0.4,0.2,17,1002000401017,715,17007,1.6391162029459903,1222,6216,0.8671215159833403,2
0.4,0.2,18,1002000401018,711,16955,1.778052805280528,1212,6153,0.8680050097452693,4
0.4,0.2,19,1002000401019,707,16960,1.6942277691107643,1282,6157,0.881108488570941,1
0.6,0.2,0,1002000601000,711,16891,1.792785878741366,1303,6138,0.8800029383287613,1
0.6,0.2,1,1002000601001,703,16929,1.8276436303080765,1201,6134,0.8955851608807365,0
0.6,0.2,2,1002000601002,718,16869,1.893841166936791,1234,6167,0.8960111306760202,0
0.6,0.2,3,1002000601003,705,16835,1.946372239747634,1268,6129,0.8764843396959007,5
0.6,0.2,4,1002000601004,707,16874,1.8266666666666667,1275,6163,0.8961345055671686,0
0.6,0.2,5,1002000601005,709,16938,1.7182539682539681,1260,6187,0.8841808796921147,2
0.6,0.2,6,1002000601006,710,16816,2.0390041493775932,1205,6139,0.8916205566753396,3
0.6,0.2,7,1002000601007,723,16952,1.7950207468879669,1205,6141,0.8794152004346156,3
0.6,0.2,8,1002000601008,704,16855,1.9310064935064934,1232,6157,0.8943716681018957,2
0.6,0.2,9,1002000601009,708,16907,1.811881188118812,1212,6219,0.8954738196898209,1
0.6,0.2,10,1002000601010,708,16895,1.8535031847133758,1256,6124,0.8897805834975727,1
0.6,0.2,11,1002000601011,712,16845,1.8570347957639939,1322,6130,0.8591283882286108,4
0.6,0.2,12,1002000601012,698,16895,1.8195004029008863,1241,6191,0.8961470576632584,0
0.6,0.2,13,1002000601013,708,16850,1.9265982636148382,1267,6082,0.8783248687973287,2
0.6,0.2,14,1002000601014,724,16843,1.9933388842631141,1201,6131,0.8690117181459023,3
0.6,0.2,15,1002000601015,711,16872,1.8817460317460317,1260,6132,0.8955135900800885,1
0.6,0.2,16,1002000601016,683,16808,1.9904458598726114,1256,6113,0.8754758791748035,4
0.6,0.2,17,1002000601017,713,16821,1.9711163153786104,1281,6070,0.8887266991439071,2
0.6,0.2,18,1002000601018,714,16936,1.781150159744409,1252,6157,0.8953829606781873,1
0.6,0.2,19,1002000601019,711,16888,1.9199332777314428,1199,6147,0.8711787946675255,2
0.8,0.2,0,1002000801000,711,16804,2.0097560975609756,1230,6119,0.8863290968195898,2
0.8,0.2,1,1002000801001,724,16750,2.2277730736663846,1181,6041,0.8591172605270732,5
0.8,0.2,2,1002000801002,694,16718,2.125293657008614,1277,6059,0.8414910481812822,5
0.8,0.2,3,1002000801003,699,16789,2.152136752136752,1170,6078,0.8622242419174112,2
0.8,0.2,4,1002000801004,706,16735,2.1827242524916945,1204,6101,0.8368148937186752,2
0.8,0.2,5,1002000801005,698,16695,2.1162613981762917,1316,6069,0.8677651600690026,2
0.8,0.2,6,1002000801006,697,16821,2.071733561058924,1171,6081,0.8606021983847209,2
0.8,0.2,7,1002000801007,691,16741,2.216054654141759,1171,6118,0.817498446894309,4
0.8,0.2,8,1002000801008,709,16855,1.8943606036536933,1259,6145,0.8967244745246994,0
0.8,0.2,9,1002000801009,715,16835,1.9790153349475383,1239,6032,0.8531218050232425,3
0.8,0.2,10,1002000801010,694,16777,2.0677126341866225,1211,6157,0.7802065036774508,3
0.8,0.2,11,1002000801011,712,16781,2.1311203319502074,1205,6038,0.87907680695708,2
0.8,0.2,12,1002000801012,701,16787,2.056302521008403,1190,6169,0.8303161639804311,7
0.8,0.2,13,1002000801013,701,16822,2.004954582989265,1211,6141,0.844571591431159,3
0.8,0.2,14,1002000801014,699,16797,2.106655290102389,1172,6090,0.8842150154703268,3
0.8,0.2,15,1002000801015,714,16803,2.1422413793103448,1160,6085,0.8922151585365649,1
0.8,0.2,16,1002000801016,689,16779,2.077112387202625,1219,6102,0.8923943446380221,2
0.8,0.2,17,1002000801017,710,16730,2.168284789644013,1236,6052,0.8729409138048079,2
0.8,0.2,18,1002000801018,705,16764,2.193991416309013,1165,6082,0.8868285317193385,2
0.8,0.2,19,1002000801019,715,16819,1.9792663476874004,1254,6118,0.8826723833244738,2
1.0,0.2,0,1002001001000,713,16717,2.288607594936709,1185,6024,0.8942996762816856,1
1.0,0.2,1,1002001001001,700,16661,2.238467552775606,1279,6014,0.8376862431164778,3
1.0,0.2,2,1002001001002,724,16725,2.2831932773109243,1190,5988,0.8895874048586597,1
1.0,0.2,3,1002001001003,701,16638,2.3469721767594107,1222,6079,0.8900654774528626,3
1.0,0.2,4,1002001001004,702,16667,2.3835497835497836,1155,6057,0.8414037151137009,4
1.0,0.2,5,1002001001005,686,16648,2.3402317880794703,1208,6077,0.8318037152711746,4
1.0,0.2,6,1002001001006,707,16778,2.1053941908713694,1205,6106,0.8747708656105996,1
1.0,0.2,7,1002001001007,723,16698,2.221757322175732,1195,6173,0.871814884947368,2
1.0,0.2,8,1002001001008,705,16781,2.0722591362126246,1204,6151,0.8935648085502841,1
1.0,0.2,9,1002001001009,694,16600,2.469063545150502,1196,6028,0.8585441508085727,3
1.0,0.2,10,1002001001010,720,16748,2.2275042444821733,1178,6042,0.893688000755167,2
1.0,0.2,11,1002001001011,711,16667,2.3383084577114426,1206,6012,0.8835837119857335,3
1.0,0.2,12,1002001001012,711,16662,2.294987674609696,1217,6117,0.8620019559274607,3
1.0,0.2,13,1002001001013,705,16685,2.2594728171334433,1214,6087,0.8583399064353238,4
1.0,0.2,14,1002001001014,714,16767,2.0835380835380835,1221,6129,0.8765941288231899,2
1.0,0.2,15,1002001001015,708,16771,2.158557046979866,1192,6036,0.8547494931509647,2
1.0,0.2,16,1002001001016,695,16664,2.2800324675324677,1232,6043,0.8396924762853993,2
1.0,0.2,17,1002001001017,702,16603,2.3854930725346373,1227,6076,0.8840085513340039,3
1.0,0.2,18,1002001001018,716,16672,2.3276595744680852,1175,6134,0.8882176517994068,2
1.0,0.2,19,1002001001019,706,16580,2.4742096505823628,1202,6022,0.8746020943953289,5
