remote_share,sync_help_weight,rep,seed,velocity,total_velocity,avg_wait,blockers_resolved,completed_tasks,mean_skill,attrition_count
0.0,1.0,0,1010000001000,716,17124,1.4031007751937985,1290,6249,0.895678306786456,0
0.0,1.0,1,1010000001001,721,17170,1.388748950461797,1191,6188,0.8949009009186953,1
0.0,1.0,2,1010000001002,715,17088,1.4400921658986174,1302,6282,0.8892553291753552,2
0.0,1.0,3,1010000001003,716,17160,1.3615819209039548,1239,6262,0.8698807219545751,2
0.0,1.0,4,1010000001004,722,17160,1.3730355665839538,1209,6261,0.8952037688279877,1
0.0,1.0,5,1010000001005,727,17161,1.3465818759936408,1258,6283,0.8886551921200253,1
0.0,1.0,6,1010000001006,715,17142,1.4053000779423226,1283,6173,0.8744885763204623,2
0.0,1.0,7,1010000001007,707,17136,1.352760736196319,1304,6245,0.8915906875879251,1
0.0,1.0,8,1010000001008,709,17138,1.3844320889594917,1259,6265,0.8449882718527014,2
0.0,1.0,9,1010000001009,717,17103,1.4548262548262547,1295,6211,0.8615786016583831,5
0.0,1.0,10,1010000001010,721,17157,1.347336834208552,1333,6168,0.8959340218117507,0
0.0,1.0,11,1010000001011,703,17134,1.3696498054474708,1285,6249,0.8962960096631185,0
0.0,1.0,12,1010000001012,715,17134,1.408981555733761,1247,6215,0.8426867333264496,2
0.0,1.0,13,1010000001013,708,17150,1.3907863383637808,1259,6176,0.8955609653751411,0
0.0,1.0,14,1010000001014,717,17147,1.3480314960629922,1270,6272,0.8928543544568921,1
0.0,1.0,15,1010000001015,716,17073,1.4445239799570508,1397,6187,0.8915535779915926,1
0.0,1.0,16,1010000001016,710,17145,1.4131832797427653,1244,6208,0.8806932763200029,2
0.0,1.0,17,1010000001017,706,17109,1.4166666666666667,1284,6282,0.8809184393189383,1
0.0,1.0,18,1010000001018,713,17152,1.3817330210772834,1281,6204,0.8566072093287458,1
0.0,1.0,19,1010000001019,731,17169,1.3577759871071717,1241,6255,0.896331181993224,0
0.2,1.0,0,1010000201000,713,17042,1.6111566858080393,1219,6193,0.8853416044003073,1
0.2,1.0,1,1010000201001,727,17062,1.569007263922518,1239,6193,0.8953436680752309,0
0.2,1.0,2,1010000201002,706,17049,1.5938261575954509,1231,6150,0.8923766068259411,2
0.2,1.0,3,1010000201003,709,17055,1.545945945945946,1295,6190,0.8957126036147836,0
0.2,1.0,4,1010000201004,719,17069,1.519721577726218,1293,6162,0.8824394796532179,1
0.2,1.0,5,1010000201005,701,17105,1.5228595178719866,1203,6136,0.866393038859939,1
0.2,1.0,6,1010000201006,718,17080,1.5035573122529644,1265,6184,0.8956024817673711,1
0.2,1.0,7,1010000201007,707,17025,1.626926196269262,1233,6193,0.8895073667901695,1
0.2,1.0,8,1010000201008,704,17012,1.5981308411214954,1284,6210,0.8951634004893458,1
0.2,1.0,9,1010000201009,718,17048,1.565217391304348,1242,6223,0.8850768653843545,2
0.2,1.0,10,1010000201010,714,17027,1.5912698412698412,1260,6245,0.8666808387674056,2
0.2,1.0,11,1010000201011,722,17055,1.577175697865353,1218,6238,0.8953655575242403,1
0.2,1.0,12,1010000201012,708,17071,1.5240863787375416,1204,6310,0.8700263125858244,2
0.2,1.0,13,1010000201013,706,17058,1.5687242798353909,1215,6212,0.8936466779633486,1
0.2,1.0,14,1010000201014,710,17035,1.6289095519864751,1183,6249,0.8944161378940988,2
0.2,1.0,15,1010000201015,720,17057,1.591503267973856,1224,6209,0.8675585602686556,2
0.2,1.0,16,1010000201016,724,17091,1.5165723524656427,1237,6211,0.895877234529317,1
0.2,1.0,17,1010000201017,702,17015,1.6751854905193735,1213,6156,0.8710728549310961,2
0.2,1.0,18,1010000201018,711,17059,1.557085020242915,1235,6213,0.895123872176257,1
0.2,1.0,19,1010000201019,709,17034,1.5974338412189255,1247,6221,0.8954309657146619,1
0.4,1.0,0,1010000401000,703,16969,1.704983922829582,1244,6172,0.8953970193370127,1
0.4,1.0,1,1010000401001,720,16977,1.6876494023904383,1255,6184,0.8960269481198132,0
0.4,1.0,2,1010000401002,707,16987,1.7036727879799667,1198,6214,0.8903888581427953,2
0.4,1.0,3,1010000401003,720,17002,1.6558061821219716,1197,6212,0.8926386740158192,1
0.4,1.0,4,1010000401004,710,16932,1.7137129109863674,1247,6276,0.8537093240690454,3
0.4,1.0,5,1010000401005,707,16972,1.743795036028823,1249,6082,0.8953982795470162,0
0.4,1.0,6,1010000401006,713,16948,1.7483766233766234,1232,6199,0.8739695208917919,2
0.4,1.0,7,1010000401007,720,16934,1.7661612130885873,1253,6174,0.8254733892590538,3
0.4,1.0,8,1010000401008,713,16971,1.720527617477329,1213,6191,0.8926304706457033,1
0.4,1.0,9,1010000401009,716,16963,1.719284603421462,1286,6125,0.894751713685815,1
0.4,1.0,10,1010000401010,716,16882,1.8093819806403575,1343,6092,0.8593630070425764,1
0.4,1.0,11,1010000401011,693,16986,1.6849315068493151,1241,6138,0.8591618509159342,1
0.4,1.0,12,1010000401012,727,17004,1.644515612489992,1249,6214,0.8958447404837304,0
0.4,1.0,13,1010000401013,701,16910,1.8705688375927452,1213,6125,0.8334693809797251,3
0.4,1.0,14,1010000401014,726,16973,1.7284552845528456,1230,6144,0.8891344332157158,2
0.4,1.0,15,1010000401015,715,16973,1.6379707916986934,1301,6195,0.8887112943742366,1
0.4,1.0,16,1010000401016,721,16984,1.6832247557003257,1228,6158,0.8837977001864605,2
0.4,1.0,17,1010000401017,705,16944,1.7272012578616351,1272,6166,0.8803131439526218,1
0.4,1.0,18,1010000401018,711,16951,1.6651198762567672,1293,6254,0.8811861672466555,1
0.4,1.0,19,1010000401019,728,16971,1.6910246227164416,1259,6191,0.8961512527735707,0
0.6,1.0,0,1010000601000,700,16868,1.8934624697336562,1239,6174,0.8921613889871505,1
0.6,1.0,1,1010000601001,701,16813,1.9619952494061759,1263,6166,0.8932628095287194,1
0.6,1.0,2,1010000601002,709,16933,1.7658697444352844,1213,6236,0.8788880412911082,1
0.6,1.0,3,1010000601003,712,16887,1.8743801652892562,1210,6160,0.8610132829891178,2
0.6,1.0,4,1010000601004,710,16919,1.8071895424836601,1224,6168,0.8649101824043963,2
0.6,1.0,5,1010000601005,716,16886,1.8896321070234114,1196,6171,0.8716678022739888,2
0.6,1.0,6,1010000601006,707,16901,1.7396403440187647,1279,6257,0.8961080879987808,0
0.6,1.0,7,1010000601007,706,16932,1.8566493955094991,1158,6168,0.8948740863424085,0
0.6,1.0,8,1010000601008,714,16897,1.8898931799506984,1217,6087,0.8882069964000575,3
0.6,1.0,9,1010000601009,719,16921,1.8248772504091653,1222,6108,0.8950157937813141,0
0.6,1.0,10,1010000601010,706,16906,1.8855721393034826,1206,6107,0.8716790607122921,4
0.6,1.0,11,1010000601011,719,16881,1.876898481215028,1251,6116,0.895470728086716,1
0.6,1.0,12,1010000601012,702,16894,1.8333333333333333,1248,6173,0.8259046313430582,4
0.6,1.0,13,1010000601013,711,16920,1.854515050167224,1196,6174,0.8954093526644533,0
0.6,1.0,14,1010000601014,717,16927,1.825345247766044,1231,6134,0.8960084095103718,0
0.6,1.0,15,1010000601015,708,16925,1.8282504012841092,1246,6072,0.8953885526786042,1
0.6,1.0,16,1010000601016,719,16837,1.9223454833597464,1262,6184,0.8873959071172328,2
0.6,1.0,17,1010000601017,713,16844,1.9966273187183812,1186,6176,0.8790980226432472,3
0.6,1.0,18,1010000601018,731,16903,1.8250197941409343,1263,6117,0.8956903907072787,1
0.6,1.0,19,1010000601019,715,16936,1.7712895377128954,1233,6131,0.89290205938908,1
0.8,1.0,0,1010000801000,713,16790,2.0659163987138265,1244,6046,0.895558716160879,0
0.8,1.0,1,1010000801001,718,16716,2.1471048513302033,1278,6063,0.8876589848263094,2
0.8,1.0,2,1010000801002,715,16756,2.0642347343378273,1261,6117,0.891292285952999,1
0.8,1.0,3,1010000801003,706,16788,2.0529747351263246,1227,6103,0.8716332827025287,3
0.8,1.0,4,1010000801004,708,16771,2.0689375506893755,1233,6130,0.8950821601681958,0
0.8,1.0,5,1010000801005,716,16776,2.0634417129262492,1261,6063,0.8618696839385322,2
0.8,1.0,6,1010000801006,701,16826,1.968874700718276,1253,6070,0.8882815543022715,1
0.8,1.0,7,1010000801007,729,16788,2.125,1192,6075,0.885415557270959,1
0.8,1.0,8,1010000801008,694,16764,2.041935483870968,1240,6132,0.8926933453713051,1
0.8,1.0,9,1010000801009,720,16866,1.8954983922829582,1244,6134,0.8806280417235424,2
0.8,1.0,10,1010000801010,714,16863,1.9111111111111112,1215,6162,0.8957905446448992,0
0.8,1.0,11,1010000801011,703,16713,2.2129934210526314,1216,6074,0.8870867704495872,3
0.8,1.0,12,1010000801012,710,16782,2.118987341772152,1185,6113,0.892836678795131,1
0.8,1.0,13,1010000801013,717,16805,2.0205254515599345,1218,6137,0.8891273876625428,1
0.8,1.0,14,1010000801014,719,16838,1.9636062861869314,1209,6170,0.8953719215857092,0
0.8,1.0,15,1010000801015,698,16703,2.1768924302788846,1255,6110,0.8517734523132525,2
0.8,1.0,16,1010000801016,711,16832,1.9591666666666667,1200,6203,0.8956585644901768,0
0.8,1.0,17,1010000801017,712,16786,2.1027568922305764,1197,6102,0.8455560553533527,3
0.8,1.0,18,1010000801018,714,16845,1.9078740157480314,1270,6075,0.89586669528125,0
0.8,1.0,19,1010000801019,715,16763,2.174831081081081,1184,6085,0.8879344826789856,2
1.0,1.0,0,1010001001000,707,16764,2.0926385442514475,1209,6111,0.8957688197141669,0
1.0,1.0,1,1010001001001,720,16744,2.131600324939074,1231,6066,0.895190603654668,1
1.0,1.0,2,1010001001002,707,16746,2.1625207296849087,1206,6077,0.8948717414563724,0
1.0,1.0,3,1010001001003,719,16771,2.065040650406504,1230,6136,0.8861953856564865,1
1.0,1.0,4,1010001001004,716,16732,2.1902439024390246,1230,6040,0.8890937777238967,1
1.0,1.0,5,1010001001005,698,16694,2.1842532467532467,1232,6130,0.8741911747620372,3
1.0,1.0,6,1010001001006,710,16704,2.2436213991769547,1215,6070,0.8952159852196914,0
1.0,1.0,7,1010001001007,696,16590,2.4709840201850293,1189,6102,0.8396165793146497,4
1.0,1.0,8,1010001001008,703,16733,2.1186848436246994,1247,6086,0.8939111983614735,1
1.0,1.0,9,1010001001009,710,16709,2.204639602319801,1207,6120,0.8588123026455016,1
1.0,1.0,10,1010001001010,689,16635,2.317408906882591,1235,6030,0.8690365876596686,2
1.0,1.0,11,1010001001011,692,16697,2.2427745664739884,1211,6087,0.8955963994804599,0
1.0,1.0,12,1010001001012,716,16713,2.235148514851485,1212,6042,0.8951262578438343,0
1.0,1.0,13,1010001001013,706,16776,2.1489726027397262,1168,6104,0.8953122107401107,0
1.0,1.0,14,1010001001014,726,16768,2.152454780361757,1161,6156,0.8956157615713589,0
1.0,1.0,15,1010001001015,705,16757,2.081583198707593,1238,6127,0.8837598828757987,2
1.0,1.0,16,1010001001016,719,16697,2.248772504091653,1222,6054,0.8938439694111168,1
1.0,1.0,17,1010001001017,701,16680,2.344623200677392,1181,6030,0.87821570810149,2
1.0,1.0,18,1010001001018,677,16648,2.307377049180328,1220,6108,0.8676443064197945,1
1.0,1.0,19,1010001001019,722,16774,2.1319148936170214,1175,6127,0.8894864402805507,1
0.0,1.5,0,1015000001000,717,17148,1.3959514170040486,1235,6259,0.896699510472758,0
0.0,1.5,1,1015000001001,729,17171,1.349445324881141,1262,6188,0.896351152890673,1
0.0,1.5,2,1015000001002,718,17110,1.3921863260706235,1331,6261,0.8932350394003807,1
0.0,1.5,3,1015000001003,710,17134,1.394108280254777,1256,6292,0.8965290854852059,0
0.0,1.5,4,1015000001004,715,17169,1.3791732909379968,1258,6180,0.8643505292534661,2
0.0,1.5,5,1015000001005,719,17149,1.3330739299610894,1285,6284,0.8968316412770333,0
0.0,1.5,6,1015000001006,725,17185,1.3546558704453442,1235,6194,0.8967013501607475,0
0.0,1.5,7,1015000001007,726,17159,1.3760129659643436,1234,6275,0.8878753723123559,1
0.0,1.5,8,1015000001008,704,17153,1.3346518987341771,1264,6236,0.8961029540861233,1
0.0,1.5,9,1015000001009,719,17173,1.377902321857486,1249,6177,0.8961559554291826,1
0.0,1.5,10,1015000001010,720,17142,1.4218381775333857,1273,6158,0.8958328672005333,1
0.0,1.5,11,1015000001011,725,17155,1.3703112529928172,1253,6229,0.8787431706586073,2
0.0,1.5,12,1015000001012,728,17164,1.3598750975800156,1281,6220,0.8960785298941122,0
0.0,1.5,13,1015000001013,728,17145,1.4229583975346687,1298,6132,0.8759954101738353,2
0.0,1.5,14,1015000001014,727,17158,1.3667481662591687,1227,6283,0.8943847485603598,1
0.0,1.5,15,1015000001015,720,17171,1.3850671140939597,1192,6242,0.8834806548650223,1
0.0,1.5,16,1015000001016,721,17145,1.3747016706443913,1257,6270,0.8825539277832076,1
0.0,1.5,17,1015000001017,710,17144,1.4090909090909092,1276,6184,0.8965496923441204,0
0.0,1.5,18,1015000001018,711,17166,1.3618257261410789,1205,6275,0.8964750677037596,0
0.0,1.5,19,1015000001019,720,17107,1.3917293233082706,1330,6253,0.8898070628660069,3
0.2,1.5,0,1015000201000,724,17132,1.4436507936507936,1260,6143,0.8963197734832946,0
0.2,1.5,1,1015000201001,707,17072,1.5136476426799008,1209,6282,0.8805524179747041,1
0.2,1.5,2,1015000201002,695,17067,1.5501263689974727,1187,6245,0.876870049932448,3
0.2,1.5,3,1015000201003,721,17038,1.6574539363484087,1194,6224,0.8844992277706105,1
0.2,1.5,4,1015000201004,714,17044,1.5699604743083004,1265,6198,0.8911035448966282,1
0.2,1.5,5,1015000201005,717,17043,1.6219512195121952,1230,6182,0.8866392241363693,2
0.2,1.5,6,1015000201006,710,17076,1.4806902218570255,1217,6302,0.8966198122166931,0
0.2,1.5,7,1015000201007,723,17059,1.5531746031746032,1260,6211,0.8925721862038106,1
0.2,1.5,8,1015000201008,721,17052,1.5902439024390245,1230,6240,0.8818015806517682,1
0.2,1.5,9,1015000201009,708,17099,1.4651924651924653,1221,6252,0.8537941876362926,1
0.2,1.5,10,1015000201010,733,17107,1.464696223316913,1218,6243,0.8961500965364537,0
0.2,1.5,11,1015000201011,704,17006,1.588,1250,6310,0.896015960235854,0
0.2,1.5,12,1015000201012,712,17082,1.4872611464968153,1256,6210,0.8966979268223696,0
0.2,1.5,13,1015000201013,720,17063,1.5341914722445695,1243,6239,0.8967729479804779,0
0.2,1.5,14,1015000201014,715,17052,1.5889070146818924,1226,6237,0.8896618346348145,2
0.2,1.5,15,1015000201015,708,17108,1.4698795180722892,1245,6177,0.8965902599733644,0
0.2,1.5,16,1015000201016,726,17068,1.5043409629044988,1267,6240,0.8947639070586982,1
0.2,1.5,17,1015000201017,706,17067,1.5440329218106996,1215,6254,0.8911953787179584,1
0.2,1.5,18,1015000201018,710,17063,1.5662650602409638,1245,6152,0.8925288799674528,1
0.2,1.5,19,1015000201019,721,17037,1.5813204508856682,1242,6213,0.8703303977028367,4
0.4,1.5,0,1015000401000,707,17031,1.6103004291845493,1165,6285,0.896195959528665,0
0.4,1.5,1,1015000401001,711,17000,1.684640522875817,1224,6144,0.8692620486556232,1
0.4,1.5,2,1015000401002,708,17023,1.6507136859781697,1191,6179,0.869192606115534,1
0.4,1.5,3,1015000401003,703,17001,1.6516023007395235,1217,6187,0.8961438863225487,0
0.4,1.5,4,1015000401004,715,16994,1.6295418641390205,1266,6203,0.8887355094085201,2
0.4,1.5,5,1015000401005,718,16996,1.682001614205004,1239,6165,0.8924562848392755,1
0.4,1.5,6,1015000401006,716,16978,1.688216039279869,1222,6190,0.8883872469981462,2
0.4,1.5,7,1015000401007,712,16997,1.6518151815181519,1212,6272,0.8841553389034951,1
0.4,1.5,8,1015000401008,707,17067,1.5623430962343097,1195,6197,0.8962940177390385,0
0.4,1.5,9,1015000401009,725,16980,1.678513731825525,1238,6213,0.8958535026125739,0
0.4,1.5,10,1015000401010,713,16980,1.6669303797468353,1264,6181,0.8950928141952271,1
0.4,1.5,11,1015000401011,708,16961,1.7197452229299364,1256,6149,0.8899891039013443,1
0.4,1.5,12,1015000401012,716,16975,1.7115229653505237,1241,6171,0.8953384853017876,1
0.4,1.5,13,1015000401013,721,16990,1.6642969984202212,1266,6149,0.8895104008677988,2
0.4,1.5,14,1015000401014,717,16999,1.6562749800159873,1251,6171,0.8924080597448167,1
0.4,1.5,15,1015000401015,722,16974,1.7409783480352847,1247,6126,0.8882246711469834,1
0.4,1.5,16,1015000401016,720,16930,1.8198558847077662,1249,6088,0.8712299601667473,4
0.4,1.5,17,1015000401017,710,16998,1.6357142857142857,1260,6166,0.8965897953100896,0
0.4,1.5,18,1015000401018,710,16965,1.7219167321288296,1273,6114,0.8959974055524278,0
0.4,1.5,19,1015000401019,720,16913,1.7988958990536277,1268,6156,0.8767817790765099,2
0.6,1.5,0,1015000601000,695,16881,1.8573730862207898,1241,6140,0.8961536433670343,0
0.6,1.5,1,1015000601001,718,16940,1.7665562913907285,1208,6198,0.8707356259675597,2
0.6,1.5,2,1015000601002,708,16844,1.9320843091334894,1281,6033,0.868693718174649,2
0.6,1.5,3,1015000601003,730,16942,1.835304054054054,1184,6150,0.8952754013544908,1
0.6,1.5,4,1015000601004,713,16838,1.9488,1250,6102,0.8557055506887241,3
0.6,1.5,5,1015000601005,707,16869,1.8747044917257683,1269,6123,0.873766705663342,1
0.6,1.5,6,1015000601006,709,16843,1.8818112049117421,1303,6123,0.8909118657493071,2
0.6,1.5,7,1015000601007,708,16938,1.8099585062240664,1205,6127,0.8959414959868661,0
0.6,1.5,8,1015000601008,714,16865,1.8845849802371542,1265,6152,0.8475459360376428,2
0.6,1.5,9,1015000601009,720,16870,1.8459734167318218,1279,6123,0.8745523005686524,2
0.6,1.5,10,1015000601010,696,16901,1.7819191118160191,1261,6159,0.8949842506898312,1
0.6,1.5,11,1015000601011,712,16852,1.9062003179650238,1258,6172,0.8793396561812414,2
0.6,1.5,12,1015000601012,721,16868,1.8999205718824463,1259,6080,0.8936049088824964,1
0.6,1.5,13,1015000601013,716,16894,1.898431048720066,1211,6087,0.8932096587341645,1
0.6,1.5,14,1015000601014,703,16865,1.8808952837729815,1251,6161,0.8963591103878003,0
0.6,1.5,15,1015000601015,694,16960,1.7375827814569536,1208,6190,0.8962122565690109,0
0.6,1.5,16,1015000601016,709,16938,1.774485596707819,1215,6193,0.8961428188099976,0
0.6,1.5,17,1015000601017,715,16883,1.8414342629482072,1255,6177,0.8940171760179163,1
0.6,1.5,18,1015000601018,717,16915,1.8017515923566878,1256,6130,0.8950480689691659,1
0.6,1.5,19,1015000601019,720,16881,1.8666666666666667,1245,6165,0.8961350946803142,1
0.8,1.5,0,1015000801000,689,16755,2.129614438063987,1219,6079,0.8839542973370422,2
0.8,1.5,1,1015000801001,715,16861,1.8776470588235294,1275,6111,0.8958703703020998,0
0.8,1.5,2,1015000801002,720,16824,2.0247729149463254,1211,6098,0.8949183382443897,1
0.8,1.5,3,1015000801003,716,16734,2.242603550295858,1183,6057,0.8939179070123465,0
0.8,1.5,4,1015000801004,715,16896,1.823296354992076,1262,6137,0.8964698010434397,0
0.8,1.5,5,1015000801005,711,16754,2.0606060606060606,1287,6073,0.8957380261660981,0
0.8,1.5,6,1015000801006,709,16861,1.8687106918238994,1272,6097,0.8956243365209277,1
0.8,1.5,7,1015000801007,725,16853,1.906549520766773,1252,6147,0.8959580392296397,0
0.8,1.5,8,1015000801008,710,16820,2.0325542570951587,1198,6124,0.8956972780202987,0
0.8,1.5,9,1015000801009,714,16753,2.037974683544304,1264,6150,0.8739549010127188,1
0.8,1.5,10,1015000801010,716,16748,2.168026101141925,1226,6043,0.8923277685495095,1
0.8,1.5,11,1015000801011,718,16802,2.0129032258064514,1240,6115,0.8896426126461565,3
0.8,1.5,12,1015000801012,703,16716,2.197092084006462,1238,6060,0.8922574324413132,1
0.8,1.5,13,1015000801013,699,16816,2.156474820143885,1112,6113,0.8290851163999508,2
0.8,1.5,14,1015000801014,712,16767,2.0860655737704916,1220,6147,0.8701649231906009,2
0.8,1.5,15,1015000801015,700,16862,1.8719750195160032,1281,6092,0.8963125148167268,0
0.8,1.5,16,1015000801016,716,16753,2.1534653465346536,1212,6050,0.8946751876697585,2
0.8,1.5,17,1015000801017,711,16848,1.92542101042502,1247,6132,0.896128821814273,0
0.8,1.5,18,1015000801018,711,16867,1.8664495114006514,1228,6193,0.8959992210784021,0
0.8,1.5,19,1015000801019,706,16786,2.0079872204472844,1252,6140,0.8952532204687313,0
1.0,1.5,0,1015001001000,704,16784,2.074852817493692,1189,6180,0.8957160562140857,0
1.0,1.5,1,1015001001001,712,16666,2.2186009538950717,1258,6130,0.8956715394900696,0
1.0,1.5,2,1015001001002,707,16656,2.301535974130962,1237,6025,0.8888658388655303,1
1.0,1.5,3,1015001001003,697,16700,2.2412935323383083,1206,6057,0.8614775962287535,3
1.0,1.5,4,1015001001004,715,16717,2.2152834839769926,1217,6047,0.8947217762818578,1
1.0,1.5,5,1015001001005,710,16646,2.2618296529968456,1268,6110,0.8703310262137489,1
1.0,1.5,6,1015001001006,703,16770,2.1443123938879456,1178,6112,0.8936131418308456,1
1.0,1.5,7,1015001001007,689,16776,2.0206349206349206,1260,6108,0.8431402536626864,2
1.0,1.5,8,1015001001008,693,16713,2.184577522559475,1219,6126,0.895849909938337,0
1.0,1.5,9,1015001001009,717,16783,2.1473063973063975,1188,6044,0.8947164011681135,1
1.0,1.5,10,1015001001010,697,16678,2.215372297838271,1249,6083,0.8803246896936632,2
1.0,1.5,11,1015001001011,686,16718,2.2270815811606393,1189,6062,0.8649615713898064,4
1.0,1.5,12,1015001001012,709,16753,2.211554800339847,1177,6006,0.8912747022380904,1
1.0,1.5,13,1015001001013,720,16703,2.245016611295681,1204,6100,0.8874603402582023,1
1.0,1.5,14,1015001001014,696,16691,2.2481389578163773,1209,6090,0.8949093522272253,0
1.0,1.5,15,1015001001015,704,16820,2.110418521816563,1123,6111,0.8956183342521704,1
1.0,1.5,16,1015001001016,693,16750,2.184277261200338,1183,6085,0.8688086483232397,1
1.0,1.5,17,1015001001017,722,16856,1.9692946058091287,1205,6055,0.8958864964448754,0
1.0,1.5,18,1015001001018,710,16757,2.1165289256198347,1210,6100,0.8865170760454,1
1.0,1.5,19,1015001001019,690,16702,2.2339527027027026,1184,6156,0.8415186072882648,3
0.0,2.0,0,1020000001000,720,17147,1.3177570093457944,1284,6302,0.8972260048103022,0
0.0,2.0,1,1020000001001,712,17151,1.3645669291338582,1270,6219,0.8555355482326649,1
0.0,2.0,2,1020000001002,720,17173,1.3776508972267536,1226,6208,0.8967025136565734,0
0.0,2.0,3,1020000001003,723,17136,1.401581027667984,1265,6230,0.8807058273362969,2
0.0,2.0,4,1020000001004,712,17110,1.4059328649492584,1281,6290,0.8568682051803107,3
0.0,2.0,5,1020000001005,712,17166,1.3764415156507412,1214,6249,0.8485711925507167,1
0.0,2.0,6,1020000001006,716,17146,1.3993558776167472,1242,6231,0.8636184294378951,1
0.0,2.0,7,1020000001007,708,17155,1.3547110055423595,1263,6225,0.8884115164510961,1
0.0,2.0,8,1020000001008,726,17179,1.3338788870703764,1222,6254,0.8965081058989298,1
0.0,2.0,9,1020000001009,726,17161,1.3704891740176424,1247,6233,0.8716058424122466,1
0.0,2.0,10,1020000001010,727,17160,1.3565076798706548,1237,6286,0.896906374564249,0
0.0,2.0,11,1020000001011,716,17168,1.34251012145749,1235,6260,0.897053962918077,0
0.0,2.0,12,1020000001012,720,17129,1.387243735763098,1317,6216,0.8934791379652598,1
0.0,2.0,13,1020000001013,728,17149,1.3678247734138973,1324,6175,0.8929983182836928,1
0.0,2.0,14,1020000001014,714,17122,1.4064465408805031,1272,6284,0.8837915307679209,2
0.0,2.0,15,1020000001015,711,17158,1.3408210689388071,1291,6227,0.8972287108641488,0
0.0,2.0,16,1020000001016,705,17175,1.340033500837521,1194,6272,0.8966435467176443,0
0.0,2.0,17,1020000001017,719,17171,1.354388843314192,1219,6244,0.8970414332509508,0
0.0,2.0,18,1020000001018,721,17148,1.3885848318999219,1279,6205,0.8659830753274098,3
0.0,2.0,19,1020000001019,716,17166,1.3550667714061273,1273,6168,0.8829726167508694,2
0.2,2.0,0,1020000201000,716,17068,1.5526530612244898,1225,6205,0.8946382630652382,1
0.2,2.0,1,1020000201001,723,17102,1.4739791833466773,1249,6211,0.896239664678683,1
0.2,2.0,2,1020000201002,729,17072,1.5113821138211383,1230,6285,0.8968623994201506,0
0.2,2.0,3,1020000201003,721,17064,1.5526950925181013,1243,6201,0.894429936804154,2
0.2,2.0,4,1020000201004,714,17017,1.61251015434606,1231,6220,0.8944495117050201,3
0.2,2.0,5,1020000201005,716,17084,1.5182250396196513,1262,6164,0.8830803762723111,2
0.2,2.0,6,1020000201006,721,17070,1.4785323965651835,1281,6232,0.8972400866889526,0
0.2,2.0,7,1020000201007,716,17108,1.5156507413509062,1214,6141,0.8966002583666752,0
0.2,2.0,8,1020000201008,729,17122,1.4079159935379644,1238,6297,0.8970327225798226,0
0.2,2.0,9,1020000201009,734,17095,1.5197978096040439,1187,6244,0.8962880876541204,0
0.2,2.0,10,1020000201010,715,17001,1.6227730441518202,1291,6189,0.8932287465100706,1
0.2,2.0,11,1020000201011,699,17064,1.482183472327521,1319,6196,0.897408677914758,0
0.2,2.0,12,1020000201012,713,17085,1.5029045643153527,1205,6259,0.8968594086776921,0
0.2,2.0,13,1020000201013,727,17057,1.5411013567438148,1253,6224,0.8933835749085695,1
0.2,2.0,14,1020000201014,718,17091,1.4950980392156863,1224,6239,0.8973141573301844,0
0.2,2.0,15,1020000201015,723,17016,1.6066089693154997,1271,6209,0.8871340217428644,1
0.2,2.0,16,1020000201016,707,17077,1.519736842105263,1216,6193,0.8614884510180074,2
0.2,2.0,17,1020000201017,709,17089,1.467780429594272,1257,6220,0.852378486019042,1
0.2,2.0,18,1020000201018,725,17049,1.6148867313915858,1236,6132,0.8760330686671921,3
0.2,2.0,19,1020000201019,721,17085,1.5364455364455365,1221,6183,0.8954473154838875,1
0.4,2.0,0,1020000401000,716,16971,1.6367746797287113,1327,6141,0.8968162216769734,0
0.4,2.0,1,1020000401001,716,17009,1.6123778501628665,1228,6225,0.8970022954324295,0
0.4,2.0,2,1020000401002,712,16982,1.6309904153354633,1252,6255,0.8607984176227674,1
0.4,2.0,3,1020000401003,703,17008,1.6653193209377526,1237,6123,0.8716681465111638,1
0.4,2.0,4,1020000401004,713,17004,1.6371100164203614,1218,6227,0.8634952192491282,1
0.4,2.0,5,1020000401005,717,17019,1.6008032128514056,1245,6180,0.8728612777880678,1
0.4,2.0,6,1020000401006,720,16975,1.6860282574568288,1274,6158,0.8945476250608321,1
0.4,2.0,7,1020000401007,709,17029,1.5642458100558658,1253,6199,0.8969117574035803,0
0.4,2.0,8,1020000401008,717,17026,1.586709886547812,1234,6219,0.8966325501254285,0
0.4,2.0,9,1020000401009,724,17017,1.6949711459192085,1213,6109,0.8901865816146513,1
0.4,2.0,10,1020000401010,700,16987,1.6916043225270159,1203,6195,0.8635360896664037,3
0.4,2.0,11,1020000401011,716,16987,1.7269010629599346,1223,6112,0.8790038322696887,1
0.4,2.0,12,1020000401012,711,16915,1.7980922098569156,1258,6172,0.8929947267963041,1
0.4,2.0,13,1020000401013,711,16987,1.701429772918419,1189,6258,0.881933649239764,1
0.4,2.0,14,1020000401014,710,16975,1.7232502011263073,1243,6110,0.881302006971785,2
0.4,2.0,15,1020000401015,710,17021,1.6470092670598147,1187,6214,0.8675506961966157,1
0.4,2.0,16,1020000401016,712,17031,1.6722830665543387,1187,6134,0.8837504254112283,1
0.4,2.0,17,1020000401017,701,17001,1.6320064987814784,1231,6209,0.8775734827641397,2
0.4,2.0,18,1020000401018,711,16954,1.7633087633087634,1221,6183,0.8925960089586479,3
0.4,2.0,19,1020000401019,718,16995,1.6788916055419723,1227,6194,0.8935103399868417,1
0.6,2.0,0,1020000601000,712,16856,1.8961748633879782,1281,6063,0.8964675009272896,0
0.6,2.0,1,1020000601001,698,16934,1.7453271028037383,1284,6105,0.8670071017626307,1
0.6,2.0,2,1020000601002,717,16839,1.8951160928742994,1249,6229,0.8792803761451147,1
0.6,2.0,3,1020000601003,705,16890,1.8350515463917525,1261,6123,0.8737490847097968,1
0.6,2.0,4,1020000601004,710,16926,1.9325153374233128,1141,6087,0.8546863572252041,3
0.6,2.0,5,1020000601005,717,16825,1.9552358113509192,1251,6165,0.896128344276715,0
0.6,2.0,6,1020000601006,708,16854,1.8476411446249033,1293,6169,0.8959182609033579,1
0.6,2.0,7,1020000601007,719,16893,1.8543845534995977,1243,6143,0.8966343226378173,0
0.6,2.0,8,1020000601008,710,16935,1.796694214876033,1210,6161,0.8452248001638674,2
0.6,2.0,9,1020000601009,697,16899,1.810304449648712,1281,6086,0.8898241750489703,2
0.6,2.0,10,1020000601010,703,16868,1.9174917491749175,1212,6161,0.8556783691450635,2
0.6,2.0,11,1020000601011,709,16901,1.8820598006644518,1204,6116,0.8882370850870469,2
0.6,2.0,12,1020000601012,693,16853,1.8550156739811912,1276,6169,0.8613126583924293,1
0.6,2.0,13,1020000601013,697,16892,1.8863450531479968,1223,6083,0.8954333674758758,0
0.6,2.0,14,1020000601014,715,16875,1.875,1240,6161,0.8635449465324394,2
0.6,2.0,15,1020000601015,720,16947,1.7208366854384554,1243,6204,0.8962649290594193,0
0.6,2.0,16,1020000601016,717,16887,1.927860696517413,1206,6115,0.8929710299898035,1
0.6,2.0,17,1020000601017,713,16862,1.9226932668329177,1203,6148,0.89364800227768,2
0.6,2.0,18,1020000601018,701,16889,1.8086124401913874,1254,6181,0.8556540382353915,2
0.6,2.0,19,1020000601019,714,16935,1.7903494176372712,1202,6149,0.8954927938449438,1
0.8,2.0,0,1020000801000,703,16756,2.1670843776106934,1197,6117,0.8936401216931751,2
0.8,2.0,1,1020000801001,714,16740,2.145679012345679,1215,6120,0.8866585580920374,3
0.8,2.0,2,1020000801002,716,16854,1.9211783439490446,1256,6081,0.8825604090765022,1
0.8,2.0,3,1020000801003,705,16833,1.9423538831064853,1249,6119,0.8733118191773563,1
0.8,2.0,4,1020000801004,715,16839,1.9715909090909092,1232,6072,0.885831143125386,1
0.8,2.0,5,1020000801005,713,16741,2.0830745341614905,1288,6050,0.8654500280788555,2
0.8,2.0,6,1020000801006,711,16877,1.8863636363636365,1232,6120,0.8962392627668383,0
0.8,2.0,7,1020000801007,711,16740,2.132292522596549,1217,6168,0.8935056560243932,2
0.8,2.0,8,1020000801008,708,16729,2.1128,1250,6107,0.8639428511180217,2
0.8,2.0,9,1020000801009,700,16800,2.042880258899676,1236,6064,0.8952099087536063,0
0.8,2.0,10,1020000801010,699,16810,1.9870967741935484,1240,6129,0.8914813415573827,1
0.8,2.0,11,1020000801011,687,16818,2.0588235294117645,1173,6124,0.8875297745841625,1
0.8,2.0,12,1020000801012,692,16779,2.201923076923077,1144,6066,0.8538649190811043,2
0.8,2.0,13,1020000801013,723,16874,1.9310910582444627,1219,6076,0.8958065360165657,0
0.8,2.0,14,1020000801014,720,16907,1.9269131556319863,1163,6098,0.8962003737275633,0
0.8,2.0,15,1020000801015,692,16778,2.0676446617766913,1227,6144,0.8963946234673209,0
0.8,2.0,16,1020000801016,696,16823,2.025409836065574,1220,6033,0.8473708071760614,1
0.8,2.0,17,1020000801017,710,16766,2.1082598235765837,1247,6041,0.8551054821425131,2
0.8,2.0,18,1020000801018,684,16791,2.0481327800829874,1205,6169,0.8490563412718937,2
0.8,2.0,19,1020000801019,713,16833,1.8766485647788984,1289,6173,0.8967160599244913,0
1.0,2.0,0,1020001001000,710,16671,2.285831960461285,1214,6101,0.895134596422046,0
1.0,2.0,1,1020001001001,702,16734,2.1308485329103886,1261,6053,0.8787989263627842,1
1.0,2.0,2,1020001001002,712,16752,2.099099099099099,1221,6145,0.8955746425846682,0
1.0,2.0,3,1020001001003,719,16828,2.007582139848357,1187,6135,0.8953946943214873,0
1.0,2.0,4,1020001001004,701,16784,2.002454991816694,1222,6219,0.8952161514780617,1
1.0,2.0,5,1020001001005,707,16803,2.022425249169435,1204,6180,0.8960506891741208,0
1.0,2.0,6,1020001001006,712,16775,2.087821043910522,1207,6107,0.8920520811584044,1
1.0,2.0,7,1020001001007,697,16653,2.317133443163097,1214,6064,0.8478478241324616,3
1.0,2.0,8,1020001001008,717,16750,2.179950698438784,1217,5996,0.8574325322992467,2
1.0,2.0,9,1020001001009,714,16681,2.1733436055469952,1298,6046,0.8912468523086176,1
1.0,2.0,10,1020001001010,710,16766,2.096345514950166,1204,6132,0.8837092840998197,1
1.0,2.0,11,1020001001011,699,16708,2.135899450117832,1273,6077,0.8686929515577797,2
1.0,2.0,12,1020001001012,695,16734,2.2186201163757273,1203,6045,0.8875762765686787,2
1.0,2.0,13,1020001001013,703,16715,2.2191332788225675,1223,6037,0.8908459143208993,1
1.0,2.0,14,1020001001014,711,16708,2.279109589041096,1168,6103,0.889752986190337,1
1.0,2.0,15,1020001001015,709,16679,2.3403538331929234,1187,5987,0.8835882591945825,3
1.0,2.0,16,1020001001016,715,16751,2.194107452339688,1154,6101,0.894024464936583,1
1.0,2.0,17,1020001001017,707,16819,2.0234702430846605,1193,6145,0.8930270649523668,1
1.0,2.0,18,1020001001018,707,16827,2.084848484848485,1155,6070,0.8951708377051949,0
1.0,2.0,19,1020001001019,712,16635,2.3815461346633415,1203,6050,0.8795251527778033,1
