remote_share,rep,seed,total_velocity,final_velocity,avg_wait,blockers_resolved,completed_tasks,mean_skill,attrition_count
0.0,0,7000,17145,702,1.379591836734694,1225,6259,0.8488697216481083,2
0.0,1,7001,17132,719,1.3835182250396196,1262,6303,0.844940989065017,2
0.0,2,7002,17126,715,1.4156275976724855,1203,6332,0.8700899006151831,4
0.0,3,7003,17145,711,1.3876582278481013,1264,6189,0.8957379949875884,1
0.0,4,7004,17157,725,1.3620689655172413,1276,6231,0.8661812259278463,1
0.0,5,7005,17150,727,1.4155038759689922,1290,6122,0.8852697272109991,2
0.0,6,7006,17155,708,1.4110835401157982,1209,6194,0.8862392347913348,2
0.0,7,7007,17182,707,1.394736842105263,1178,6167,0.895502184150226,2
0.0,8,7008,17168,719,1.4298908480268682,1191,6207,0.892026807364515,1
0.0,9,7009,17142,711,1.439569536423841,1208,6220,0.853984109743922,2
0.0,10,7010,17105,719,1.4217424826522744,1297,6236,0.8736450566627605,4
0.0,11,7011,17172,717,1.3372549019607842,1275,6203,0.897038467253507,0
0.0,12,7012,17118,724,1.4221698113207548,1272,6241,0.8919172797296081,2
0.0,13,7013,17179,714,1.367396593673966,1233,6185,0.8967726972662284,0
0.0,14,7014,17140,710,1.350381679389313,1310,6260,0.8970548790863864,0
0.0,15,7015,17176,719,1.3738848337388483,1233,6211,0.8952312908752207,1
0.0,16,7016,17155,708,1.360381861575179,1257,6251,0.8969345442652017,0
0.0,17,7017,17160,718,1.3709293089753773,1259,6226,0.895703448443801,1
0.0,18,7018,17177,729,1.357429718875502,1245,6224,0.8870947416657327,1
0.0,19,7019,17117,723,1.411033411033411,1287,6233,0.8749142794487218,3
0.0,20,7020,17160,719,1.3282090699461953,1301,6246,0.8966937055712421,0
0.0,21,7021,17165,714,1.3466232709519934,1229,6290,0.8968745548220932,0
0.0,22,7022,17140,710,1.3506998444790046,1286,6272,0.8972026824110209,0
0.0,23,7023,17121,720,1.393822393822394,1295,6283,0.8934470152220179,1
0.0,24,7024,17176,726,1.3818770226537216,1236,6173,0.8959387857860813,0
0.0,25,7025,17171,713,1.3637873754152825,1204,6254,0.8961185367858902,1
0.0,26,7026,17163,727,1.3733552631578947,1216,6272,0.8968153559225234,0
0.0,27,7027,17142,716,1.3562066306861988,1297,6262,0.8424850482213427,2
0.0,28,7028,17195,730,1.3507462686567164,1206,6199,0.8966545797695268,0
0.0,29,7029,17160,711,1.378313253012048,1245,6229,0.8520273288872868,2
0.0,30,7030,17170,713,1.3855932203389831,1180,6269,0.8961302808903275,0
0.0,31,7031,17144,725,1.3842105263157896,1330,6134,0.89170356776517,2
0.0,32,7032,17150,717,1.3849270664505673,1234,6245,0.8676209096745637,2
0.0,33,7033,17142,717,1.3753894080996885,1284,6239,0.8965893978514389,0
0.0,34,7034,17140,714,1.4073777064955895,1247,6230,0.8775831384011262,2
0.0,35,7035,17138,716,1.3966613672496024,1258,6257,0.8963985834420936,1
0.0,36,7036,17165,725,1.3788121990369182,1246,6227,0.8948061248084388,1
0.0,37,7037,17142,713,1.3667984189723321,1265,6278,0.8960129344659334,1
0.0,38,7038,17155,719,1.379013312451057,1277,6181,0.8961362772471759,1
0.0,39,7039,17120,728,1.4011075949367089,1264,6276,0.89361161476602,1
0.0,40,7040,17155,714,1.3814102564102564,1248,6167,0.8576610485228711,2
0.0,41,7041,17146,731,1.3867538838920688,1223,6291,0.8963246350459896,1
0.0,42,7042,17139,718,1.416058394160584,1233,6255,0.8914112825401682,2
0.0,43,7043,17136,725,1.3741231488698362,1283,6265,0.8963672649470269,1
0.0,44,7044,17157,712,1.3892885691446843,1251,6218,0.8692901497160701,2
0.0,45,7045,17143,711,1.3817594834543987,1239,6260,0.8964369448993258,0
0.0,46,7046,17154,734,1.3169398907103824,1281,6299,0.8968953191127419,0
0.0,47,7047,17103,718,1.4186746987951808,1328,6240,0.8957567301840215,1
0.0,48,7048,17143,709,1.3666927286942925,1279,6233,0.8797366856184106,1
0.0,49,7049,17162,712,1.3646677471636952,1234,6236,0.8704536968885292,3
0.0,50,7050,17144,716,1.4221482098251457,1201,6264,0.8694268515217424,2
0.0,51,7051,17169,729,1.3559457302474063,1253,6229,0.8970924435617704,0
0.0,52,7052,17123,720,1.3888036809815951,1304,6234,0.8628272589365039,1
0.0,53,7053,17109,708,1.4414191419141915,1212,6308,0.8773195158177278,2
0.0,54,7054,17156,705,1.3556085918854415,1257,6243,0.897005404654478,0
0.0,55,7055,17150,702,1.3069073783359497,1274,6320,0.8969359158780037,0
0.0,56,7056,17107,725,1.4399684044233807,1266,6291,0.8762225703949499,3
0.0,57,7057,17144,714,1.4010946051602815,1279,6178,0.8903808170928104,3
0.0,58,7058,17169,723,1.3789649415692822,1198,6240,0.8936313399466291,1
0.0,59,7059,17124,710,1.401402961808262,1283,6218,0.8931249890379419,3
0.0,60,7060,17175,717,1.3229762878168438,1223,6276,0.8966742098402758,0
0.0,61,7061,17161,725,1.4033195020746887,1205,6241,0.8956071412183508,1
0.0,62,7062,17126,709,1.387787470261697,1261,6246,0.8718843931566868,3
0.0,63,7063,17167,717,1.354523227383863,1227,6231,0.8953283099075209,1
0.0,64,7064,17157,712,1.3854337152209493,1222,6256,0.8395507809957448,2
0.0,65,7065,17168,725,1.3257277734067663,1271,6275,0.8968123707756195,0
0.0,66,7066,17142,724,1.3861236802413273,1326,6163,0.8957175520018452,1
0.0,67,7067,17167,729,1.381260096930533,1238,6209,0.8960642174107507,0
0.0,68,7068,17125,732,1.494205298013245,1208,6212,0.8669104156967536,4
0.0,69,7069,17186,713,1.3278553820870995,1217,6228,0.8965068143136039,1
0.0,70,7070,17168,717,1.3568111455108358,1292,6126,0.8963801801815972,1
0.0,71,7071,17137,722,1.3606311044327573,1331,6234,0.8968676199460923,0
0.0,72,7072,17143,725,1.3760886777513857,1263,6267,0.8897827529504643,2
0.0,73,7073,17143,718,1.4277643260694108,1239,6226,0.8918399320274475,2
0.0,74,7074,17134,719,1.4167962674961119,1286,6218,0.8957217052479418,1
0.0,75,7075,17142,710,1.3466872110939907,1298,6273,0.8969961275219003,0
0.0,76,7076,17127,719,1.3700848111025443,1297,6266,0.8828707217378453,1
0.0,77,7077,17144,717,1.3377125193199382,1294,6259,0.8960931674420529,1
0.0,78,7078,17158,717,1.400974025974026,1232,6222,0.8958800060857882,0
0.0,79,7079,17127,719,1.4181818181818182,1265,6243,0.8747064905244601,3
0.0,80,7080,17161,720,1.3896940418679549,1242,6190,0.8741982675287299,3
0.0,81,7081,17205,721,1.3488182559087205,1227,6137,0.8695367953378332,1
0.0,82,7082,17169,730,1.3405103668261562,1254,6273,0.8967574642969611,0
0.0,83,7083,17156,727,1.3993426458504519,1217,6253,0.8955516893140203,1
0.0,84,7084,17137,730,1.4462279293739968,1246,6195,0.8341723131743188,3
0.0,85,7085,17142,715,1.368380062305296,1284,6258,0.8970453507439631,0
0.0,86,7086,17115,717,1.4117193523515805,1297,6266,0.8355205410688749,4
0.0,87,7087,17163,717,1.3497652582159625,1278,6204,0.8904974332949177,2
0.0,88,7088,17169,721,1.3796147672552166,1246,6177,0.8965746148043635,1
0.0,89,7089,17150,705,1.3577620173364855,1269,6216,0.896043844709949,0
0.0,90,7090,17144,711,1.3419773095623988,1234,6308,0.887893775765533,4
0.0,91,7091,17159,721,1.4036918138041734,1246,6191,0.8808990834564998,2
0.0,92,7092,17141,720,1.3682108626198084,1252,6245,0.889769868340929,2
0.0,93,7093,17160,725,1.3828061638280615,1233,6245,0.8959046968468953,1
0.0,94,7094,17155,706,1.3914823914823915,1221,6211,0.8795908359835792,3
0.0,95,7095,17154,712,1.3445839874411303,1274,6239,0.8922528446353732,1
0.0,96,7096,17149,715,1.3539192399049882,1263,6282,0.8531928905853983,1
0.0,97,7097,17166,716,1.3496677740863787,1204,6299,0.8747322432907405,1
0.0,98,7098,17147,714,1.3604183427192276,1243,6308,0.8963525118510747,0
0.0,99,7099,17100,713,1.431206764027671,1301,6257,0.8900992838798455,1
0.0,100,7100,17174,721,1.3384491114701131,1238,6233,0.8650098360101213,2
0.0,101,7101,17165,719,1.3549432739059968,1234,6278,0.8968547682900547,0
0.0,102,7102,17145,726,1.386020651310564,1259,6273,0.8961108817237282,1
0.0,103,7103,17138,721,1.4306569343065694,1233,6233,0.8706560499761611,3
0.0,104,7104,17150,713,1.3650920736589272,1249,6237,0.8600835573071665,2
0.0,105,7105,17141,717,1.4096484055600982,1223,6265,0.8922450258778009,1
0.0,106,7106,17129,721,1.41484375,1280,6224,0.8416268626976052,3
0.0,107,7107,17139,709,1.3713355048859934,1228,6319,0.8959365588742234,0
0.0,108,7108,17161,715,1.3597413096200486,1237,6251,0.8968784978759723,0
0.0,109,7109,17159,721,1.371033360455655,1229,6256,0.8619606003064952,2
0.0,110,7110,17120,700,1.357033639143731,1308,6299,0.8758248481252947,1
0.0,111,7111,17160,720,1.3628173628173628,1221,6279,0.896985115682293,0
0.0,112,7112,17131,716,1.4258675078864353,1268,6186,0.8715270443748047,2
0.0,113,7113,17151,718,1.3818770226537216,1236,6250,0.8902711692902698,2
0.0,114,7114,17161,717,1.3552735923869945,1261,6247,0.8967029547247491,0
0.0,115,7115,17139,731,1.4071207430340558,1292,6180,0.8902939989249561,2
0.0,116,7116,17122,710,1.4003139717425432,1274,6256,0.8829398058287559,2
0.0,117,7117,17135,715,1.4131147540983606,1220,6251,0.8777456772625485,4
0.0,118,7118,17167,727,1.3708721422523285,1181,6310,0.8959438439174978,0
0.0,119,7119,17136,716,1.3906614785992217,1285,6201,0.8963066676160066,0
0.0,120,7120,17140,719,1.4015748031496063,1270,6259,0.8932525794426678,1
0.0,121,7121,17166,716,1.3463414634146342,1230,6264,0.8965220184701396,0
0.0,122,7122,17174,716,1.3357030015797788,1266,6189,0.8939666874273928,1
0.0,123,7123,17186,725,1.3301358912869705,1251,6176,0.8807005188159593,1
0.0,124,7124,17160,716,1.3605328892589508,1201,6302,0.8890355142494645,2
0.0,125,7125,17176,730,1.3596059113300492,1218,6239,0.89669070446907,0
0.0,126,7126,17113,714,1.3954545454545455,1320,6238,0.8694707050112334,1
0.0,127,7127,17149,712,1.3455414012738853,1256,6288,0.8965601898274658,0
0.0,128,7128,17154,729,1.3356697819314642,1284,6280,0.8970170561818233,0
0.0,129,7129,17160,721,1.358910891089109,1212,6284,0.8941817675286184,1
0.0,130,7130,17141,711,1.3650039588281868,1263,6238,0.8936019924203752,2
0.0,131,7131,17112,708,1.4087089381207027,1309,6206,0.8889274985030244,3
0.0,132,7132,17141,723,1.3740279937791602,1286,6259,0.8966370456896167,0
0.0,133,7133,17172,729,1.3509655751469354,1191,6287,0.8966692217912948,0
0.0,134,7134,17101,723,1.4055512721665382,1297,6308,0.8544010035533922,3
0.0,135,7135,17164,713,1.3783783783783783,1184,6301,0.8898523838528257,1
0.0,136,7136,17125,711,1.419853539462978,1229,6306,0.8580736843019945,2
0.0,137,7137,17146,725,1.3923444976076556,1254,6199,0.8868579421837458,1
0.0,138,7138,17149,721,1.4032520325203253,1230,6226,0.8846369803788171,3
0.0,139,7139,17134,712,1.4217252396166133,1252,6220,0.8943790398538699,1
0.0,140,7140,17123,715,1.4155038759689922,1290,6191,0.8690967397338296,2
0.0,141,7141,17178,725,1.3922413793103448,1160,6269,0.8962982414688847,0
0.0,142,7142,17125,723,1.3883792048929664,1308,6233,0.895991599293151,1
0.0,143,7143,17131,717,1.4043715846994536,1281,6196,0.8573363765715527,2
0.0,144,7144,17154,720,1.3993316624895573,1197,6266,0.8858601829216546,3
0.0,145,7145,17149,722,1.3622409823484267,1303,6223,0.8925623706970411,1
0.0,146,7146,17139,718,1.3892022562449637,1241,6272,0.8959669870609102,1
0.0,147,7147,17155,713,1.397579948141746,1157,6288,0.8794637442821631,1
0.0,148,7148,17132,716,1.4092987804878048,1312,6191,0.8969025117349713,0
0.0,149,7149,17169,727,1.3406940063091484,1268,6245,0.8968019615840191,0
0.0,150,7150,17151,719,1.375,1264,6238,0.8962986996544581,0
0.0,151,7151,17166,717,1.387531592249368,1187,6256,0.8965976433042451,0
0.0,152,7152,17161,713,1.3823293172690763,1245,6212,0.89500652408929,1
0.0,153,7153,17169,717,1.3376309427880742,1241,6256,0.896712914575207,0
0.0,154,7154,17182,715,1.3541666666666667,1200,6223,0.851276434330679,2
0.0,155,7155,17172,722,1.37123745819398,1196,6250,0.8963962126433337,0
0.0,156,7156,17142,717,1.4051240992794236,1249,6236,0.8959174746870009,1
0.0,157,7157,17127,706,1.389235569422777,1282,6236,0.8898000654254897,3
0.0,158,7158,17149,716,1.4258333333333333,1200,6239,0.8878204790522786,1
0.0,159,7159,17174,717,1.378836833602585,1238,6168,0.8959735400004728,0
0.0,160,7160,17153,719,1.3670382165605095,1256,6243,0.8825207676242204,1
0.0,161,7161,17129,709,1.3924254633360194,1241,6299,0.887244952700657,1
0.0,162,7162,17140,716,1.3977364591754244,1237,6231,0.8851185515073553,2
0.0,163,7163,17157,723,1.3931419457735248,1254,6190,0.877814501549372,1
0.0,164,7164,17126,710,1.375886524822695,1269,6288,0.8792634114370623,2
0.0,165,7165,17142,724,1.3946957878315132,1282,6198,0.8938187162722585,2
0.0,166,7166,17132,714,1.3707165109034267,1284,6281,0.8969436085792097,0
0.0,167,7167,17170,733,1.3453061224489795,1225,6229,0.8831452432729314,2
0.0,168,7168,17153,730,1.4339152119700749,1203,6221,0.8957071903717507,0
0.0,169,7169,17129,711,1.3575803981623278,1306,6242,0.896629527369438,0
0.0,170,7170,17143,715,1.416342412451362,1285,6168,0.8857033740007283,1
0.0,171,7171,17162,724,1.3653250773993808,1292,6188,0.8966093416851774,1
0.0,172,7172,17148,722,1.378097521982414,1251,6258,0.814572879457178,3
0.0,173,7173,17140,715,1.3680183626625861,1307,6234,0.896986371239827,0
0.0,174,7174,17157,725,1.4095701540957015,1233,6196,0.8898317210480359,1
0.0,175,7175,17149,717,1.3901273885350318,1256,6228,0.8961217700345785,1
0.0,176,7176,17163,712,1.34,1200,6310,0.8634255300095168,1
0.0,177,7177,17140,720,1.3991935483870968,1240,6239,0.8862460865306815,1
0.0,178,7178,17153,726,1.400962309542903,1247,6208,0.8943114770988464,2
0.0,179,7179,17153,720,1.3586206896551725,1305,6198,0.8959753997503649,1
0.0,180,7180,17144,718,1.377921031426269,1241,6271,0.8964548804095308,0
0.0,181,7181,17131,718,1.4153969526864474,1247,6231,0.8660203163154847,3
0.0,182,7182,17148,709,1.3560545308740979,1247,6296,0.896813552510268,0
0.0,183,7183,17119,711,1.424731182795699,1302,6188,0.8797866950050329,2
0.0,184,7184,17167,723,1.38379705400982,1222,6231,0.8884187862917363,1
0.0,185,7185,17137,716,1.421461897356143,1286,6164,0.8762904010994712,2
0.0,186,7186,17120,719,1.4692179700499168,1202,6252,0.87750368206802,3
0.0,187,7187,17121,712,1.4447077409162716,1266,6201,0.8933924159455355,4
0.0,188,7188,17123,717,1.3821510297482837,1311,6270,0.8767726808781007,1
0.0,189,7189,17130,720,1.4284584980237154,1265,6213,0.8962484585208037,1
0.0,190,7190,17167,730,1.352156862745098,1275,6215,0.8948280053773974,1
0.0,191,7191,17157,727,1.3770364623739333,1289,6188,0.8894587542307308,2
0.0,192,7192,17158,734,1.4215686274509804,1224,6201,0.8307490479821851,5
0.0,193,7193,17155,723,1.3666134185303513,1252,6263,0.8963484899883637,0
0.0,194,7194,17188,728,1.3699472759226714,1138,6275,0.8843737779778029,1
0.0,195,7195,17123,717,1.4274128142741282,1233,6261,0.8583115117084468,2
0.0,196,7196,17167,722,1.3231850117096018,1281,6211,0.8966514269888318,0
0.0,197,7197,17190,717,1.3158333333333334,1200,6272,0.8923512467936037,1
0.0,198,7198,17126,719,1.4065166795965864,1289,6222,0.8963020355975472,0
0.0,199,7199,17174,723,1.3484729835552076,1277,6172,0.8969180985482017,0
0.0,200,7200,17162,711,1.383980181668043,1211,6270,0.8587974820990689,1
0.0,201,7201,17152,719,1.3682965299684542,1268,6254,0.8926845635655128,1
0.0,202,7202,17119,713,1.414442700156986,1274,6265,0.8962000417111426,1
0.0,203,7203,17168,716,1.3663208300079808,1253,6180,0.8963928201859381,0
0.0,204,7204,17157,725,1.3991836734693877,1225,6234,0.8968585208656158,0
0.0,205,7205,17155,704,1.3454545454545455,1265,6269,0.8966198027483069,0
0.0,206,7206,17129,716,1.3955108359133126,1292,6236,0.8901997680055379,1
0.0,207,7207,17127,716,1.3673946957878316,1282,6313,0.8930074076715666,1
0.0,208,7208,17172,722,1.367741935483871,1240,6202,0.8608208513008263,1
0.0,209,7209,17133,721,1.3544776119402986,1340,6230,0.8883511889474296,2
0.0,210,7210,17165,720,1.375601926163724,1246,6184,0.8729991338562894,3
0.0,211,7211,17137,715,1.3964110929853182,1226,6285,0.8243470642175673,4
0.0,212,7212,17155,726,1.4219133278822567,1223,6190,0.8661813237197252,4
0.0,213,7213,17126,710,1.4299674267100977,1228,6235,0.845557347651362,4
0.0,214,7214,17160,726,1.3634933123524784,1271,6212,0.8963440995973502,0
0.0,215,7215,17175,716,1.3455414012738853,1256,6216,0.8822262772829325,1
0.0,216,7216,17158,716,1.392477514309076,1223,6233,0.8969726137534746,0
0.0,217,7217,17176,712,1.3721518987341772,1185,6257,0.8797562847823819,2
0.0,218,7218,17139,711,1.4104,1250,6253,0.8530323748987676,1
0.0,219,7219,17149,726,1.3895253682487725,1222,6262,0.8928733508996538,2
0.0,220,7220,17170,707,1.331687242798354,1215,6289,0.8965773230791868,0
0.0,221,7221,17151,717,1.3887171561051004,1294,6192,0.8885018600151164,2
0.0,222,7222,17126,713,1.4391233766233766,1232,6250,0.8642969867006765,2
0.0,223,7223,17146,722,1.3753046303818035,1231,6314,0.8937232938976146,1
0.0,224,7224,17155,718,1.3990066225165563,1208,6254,0.8939355029082424,2
0.0,225,7225,17186,714,1.3810316139767056,1202,6194,0.8960298285320716,0
0.0,226,7226,17144,710,1.3742833742833742,1221,6303,0.896075901932037,0
0.0,227,7227,17174,719,1.3873417721518988,1185,6235,0.8763505994263479,2
0.0,228,7228,17166,722,1.3630573248407643,1256,6202,0.8965666137231176,0
0.0,229,7229,17190,720,1.339591836734694,1225,6216,0.8956776493249086,1
0.0,230,7230,17137,710,1.4098101265822784,1264,6229,0.8782797070162458,2
0.0,231,7231,17157,717,1.3891145410235581,1231,6225,0.8962491590840223,0
0.0,232,7232,17118,708,1.4170692431561998,1242,6305,0.887609707572779,1
0.0,233,7233,17121,710,1.4533106960950763,1178,6313,0.8888384987612443,2
0.0,234,7234,17148,712,1.3851132686084142,1236,6278,0.8746188025859215,2
0.0,235,7235,17164,725,1.4206081081081081,1184,6237,0.8899083667807763,3
0.0,236,7236,17155,729,1.3667984189723321,1265,6225,0.8955822181349102,1
0.0,237,7237,17167,711,1.3681274900398406,1255,6202,0.8963904294133025,1
0.0,238,7238,17142,713,1.3983539094650206,1215,6259,0.8614502259942179,2
0.0,239,7239,17141,714,1.396700706991359,1273,6217,0.8968077946487206,0
0.0,240,7240,17145,721,1.3855421686746987,1245,6253,0.896071604163932,1
0.0,241,7241,17140,730,1.3821907013396375,1269,6250,0.8962723685962108,0
0.0,242,7242,17150,707,1.3668543845534995,1243,6267,0.8551097043163989,1
0.0,243,7243,17193,725,1.342691990090834,1211,6217,0.8967547505169289,0
0.0,244,7244,17163,731,1.4048387096774193,1240,6184,0.8934520224199736,1
0.0,245,7245,17137,711,1.346094946401225,1306,6240,0.8964685108990839,1
0.0,246,7246,17191,721,1.3167907361455748,1209,6225,0.8965982369839971,0
0.0,247,7247,17143,728,1.3267248215701823,1261,6348,0.8969325471808929,0
0.0,248,7248,17157,721,1.326121794871795,1248,6310,0.896748551052584,0
0.0,249,7249,17160,714,1.34251012145749,1235,6281,0.8711400150096644,1
0.0,250,7250,17171,714,1.413907284768212,1208,6160,0.8958208382160485,0
0.0,251,7251,17176,717,1.3568564554931837,1247,6180,0.8945264434241544,1
0.0,252,7252,17127,706,1.3928571428571428,1288,6243,0.8940430947978477,1
0.0,253,7253,17171,722,1.3998422712933754,1268,6110,0.8877673506077434,1
0.0,254,7254,17141,718,1.3445635528330782,1306,6236,0.8931356358128244,1
0.0,255,7255,17167,726,1.387603305785124,1210,6269,0.8952943232562592,1
0.0,256,7256,17135,713,1.3752,1250,6275,0.8958782895291637,1
0.0,257,7257,17154,694,1.4312878133102853,1157,6248,0.8959213503264243,1
0.0,258,7258,17107,711,1.4052590873936581,1293,6274,0.8944814472644907,1
0.0,259,7259,17163,719,1.3560545308740979,1247,6236,0.8930927751270543,1
0.0,260,7260,17179,723,1.3774625689519306,1269,6116,0.8960127477921285,0
0.0,261,7261,17147,723,1.407905138339921,1265,6196,0.8962976836227036,1
0.0,262,7262,17156,712,1.384873949579832,1190,6291,0.8500927904515508,2
0.0,263,7263,17130,715,1.387223974763407,1268,6275,0.8606528579253236,2
0.0,264,7264,17159,708,1.3546558704453442,1235,6263,0.8808882599683916,1
0.0,265,7265,17170,721,1.314769975786925,1239,6294,0.8967404683079838,0
0.0,266,7266,17142,714,1.3805668016194332,1235,6308,0.8822574350871537,1
0.0,267,7267,17151,717,1.3699921445404557,1273,6236,0.8962644652561307,0
0.0,268,7268,17130,710,1.4688279301745637,1203,6234,0.8852836385707038,2
0.0,269,7269,17131,727,1.372093023255814,1290,6258,0.8762744592233735,2
0.0,270,7270,17125,724,1.4201135442011354,1233,6316,0.880153639174663,1
0.0,271,7271,17130,719,1.4313099041533546,1252,6198,0.8911006836016361,2
0.0,272,7272,17140,719,1.387590652699436,1241,6272,0.886150041627411,2
0.0,273,7273,17159,722,1.3550667714061273,1273,6225,0.8961063155409421,0
0.0,274,7274,17123,716,1.3658903080390683,1331,6272,0.8967886189349651,0
0.0,275,7275,17165,728,1.3690671031096564,1222,6278,0.8963208597096722,0
0.0,276,7276,17139,735,1.4266554903604358,1193,6302,0.8616204515338237,2
0.0,277,7277,17151,710,1.3696872493985566,1247,6250,0.8962941496403574,1
0.0,278,7278,17145,713,1.3980263157894737,1216,6268,0.8706873521164464,3
0.0,279,7279,17150,727,1.3510802469135803,1296,6238,0.8970014921665909,0
0.0,280,7280,17146,728,1.36687306501548,1292,6240,0.87782222183226,2
0.0,281,7281,17165,717,1.366808510638298,1175,6284,0.8546860106290186,1
0.0,282,7282,17140,722,1.3938679245283019,1272,6238,0.8928648295631205,1
0.0,283,7283,17138,711,1.3646071700991609,1311,6204,0.8965932437521955,1
0.0,284,7284,17128,727,1.3768453768453768,1287,6318,0.8916335252296499,1
0.0,285,7285,17125,717,1.406396255850234,1282,6232,0.8740399526992071,3
0.0,286,7286,17127,716,1.405152224824356,1281,6230,0.8636840163661214,1
0.0,287,7287,17185,716,1.3263069139966273,1186,6279,0.8965690958229289,0
0.0,288,7288,17131,710,1.418167580266249,1277,6185,0.8722769913874545,3
0.0,289,7289,17112,716,1.4271472392638036,1304,6212,0.8921277294968191,2
0.0,290,7290,17162,724,1.4074380165289255,1210,6214,0.8957094051072305,0
0.0,291,7291,17159,726,1.4074387151310228,1183,6248,0.869809066240386,2
0.0,292,7292,17143,715,1.393162393162393,1287,6207,0.8967733991422158,0
0.0,293,7293,17143,720,1.341914722445696,1243,6339,0.8967541859034789,0
0.0,294,7294,17184,721,1.3654485049833887,1204,6226,0.8958018710197264,1
0.0,295,7295,17124,715,1.4722675367047309,1226,6198,0.8934753599956992,2
0.0,296,7296,17158,718,1.3871230643846781,1227,6237,0.8964041118746555,0
0.0,297,7297,17172,730,1.3989769820971867,1173,6274,0.8914698675314676,2
0.0,298,7298,17178,726,1.3333333333333333,1224,6253,0.8967824636472427,0
0.0,299,7299,17133,722,1.4401952807160292,1229,6246,0.8949066008292463,1
0.0,300,7300,17145,715,1.3801587301587301,1260,6242,0.8933635326249586,1
0.0,301,7301,17137,724,1.4037854889589905,1268,6218,0.8696631327014215,2
0.0,302,7302,17143,705,1.3348982785602503,1278,6287,0.8965931054775765,0
0.0,303,7303,17160,716,1.356012658227848,1264,6229,0.896858318734108,0
0.0,304,7304,17148,724,1.3463601532567049,1305,6257,0.8965742368687735,1
0.0,305,7305,17144,718,1.420032310177706,1238,6208,0.8631455087950368,2
0.0,306,7306,17144,714,1.3917122752150117,1279,6195,0.8956836404261939,1
0.0,307,7307,17159,721,1.352191235059761,1255,6261,0.8966846757001792,0
0.0,308,7308,17127,725,1.3995253164556962,1264,6286,0.895230599691166,1
0.0,309,7309,17153,726,1.405144694533762,1244,6223,0.896091717178607,0
0.0,310,7310,17123,710,1.4139311449159326,1249,6266,0.8783344520606795,2
0.0,311,7311,17134,712,1.3721833721833723,1287,6255,0.8748364931394379,1
0.0,312,7312,17183,710,1.3728813559322033,1180,6210,0.8597533168683562,1
0.0,313,7313,17158,738,1.376880443388757,1263,6217,0.8944682455944737,2
0.0,314,7314,17152,720,1.3803042433947157,1249,6243,0.8744926845943024,1
0.0,315,7315,17180,703,1.3409648405560097,1223,6215,0.8466042919571501,1
0.0,316,7316,17165,721,1.3480707395498392,1244,6235,0.8966336413682484,0
0.0,317,7317,17158,714,1.3786793953858394,1257,6193,0.8951203207368101,2
0.0,318,7318,17164,712,1.3608,1250,6210,0.8968980937067738,0
0.0,319,7319,17181,723,1.358974358974359,1209,6210,0.8727873163465446,2
0.0,320,7320,17168,723,1.3674496644295302,1192,6270,0.8776682744764515,1
0.0,321,7321,17134,719,1.401402961808262,1283,6222,0.8859304359291805,1
0.0,322,7322,17142,707,1.3995117982099268,1229,6258,0.8960844381233715,0
0.0,323,7323,17166,712,1.3360723089564503,1217,6263,0.8962206112130543,0
0.0,324,7324,17132,708,1.430064308681672,1244,6218,0.8334277124336671,3
0.0,325,7325,17158,714,1.3634165995165188,1241,6225,0.8824195076620784,1
0.0,326,7326,17121,697,1.4268192968111202,1223,6245,0.7529821543715867,7
0.0,327,7327,17153,721,1.3470873786407767,1236,6310,0.8966943268615036,0
0.0,328,7328,17142,714,1.3782645324347094,1187,6349,0.850817240001885,1
0.0,329,7329,17148,728,1.4327002477291495,1211,6222,0.8932276311782669,1
0.0,330,7330,17162,721,1.337672904800651,1229,6290,0.8965907431062572,0
0.0,331,7331,17175,716,1.3311475409836067,1220,6264,0.8952869492028576,1
0.0,332,7332,17169,720,1.4008163265306122,1225,6166,0.8960032808575564,0
0.0,333,7333,17131,715,1.4086614173228347,1270,6213,0.8966575124451202,0
0.0,334,7334,17119,721,1.370761115297664,1327,6265,0.8965620071656921,1
0.0,335,7335,17154,720,1.3485576923076923,1248,6293,0.8968077645632253,0
0.0,336,7336,17151,722,1.398829431438127,1196,6250,0.8895139277252033,1
0.0,337,7337,17144,720,1.3973966309341501,1306,6166,0.8959537093620435,1
0.0,338,7338,17131,712,1.3948840927258193,1251,6263,0.8931526613057393,1
0.0,339,7339,17123,717,1.4154704944178629,1254,6228,0.8763858218216232,4
0.0,340,7340,17194,712,1.3330564784053156,1204,6192,0.827218312526105,2
0.0,341,7341,17162,723,1.403081914030819,1233,6191,0.890090392898119,2
0.0,342,7342,17122,712,1.4226475279106858,1254,6254,0.895864853239386,1
0.0,343,7343,17136,716,1.4059652029826015,1207,6286,0.8623789888739489,3
0.0,344,7344,17194,717,1.3728106755629692,1199,6177,0.8963357985123934,0
0.0,345,7345,17120,727,1.423878205128205,1248,6254,0.8915406272386285,2
0.0,346,7346,17149,707,1.3657587548638133,1285,6200,0.8879197836395603,1
0.0,347,7347,17122,712,1.4080061585835257,1299,6218,0.8958352233879003,2
0.0,348,7348,17147,721,1.3673151750972763,1285,6218,0.8926946719397119,1
0.0,349,7349,17139,715,1.3885350318471337,1256,6254,0.8952892263340676,1
0.0,350,7350,17126,705,1.3761980830670926,1252,6314,0.8841546739865539,2
0.0,351,7351,17165,724,1.3449367088607596,1264,6217,0.8938315727195002,3
0.0,352,7352,17133,712,1.3852713178294573,1290,6217,0.8961110351696044,1
0.0,353,7353,17144,731,1.3573667711598747,1276,6295,0.895640294793389,1
0.0,354,7354,17130,729,1.3711583924349882,1269,6328,0.8970535408699375,0
0.0,355,7355,17119,712,1.379284649776453,1342,6221,0.8655797639131109,3
0.0,356,7356,17126,722,1.4307445956765412,1249,6265,0.895620648439928,1
0.0,357,7357,17155,716,1.372093023255814,1290,6161,0.8965938569892365,0
0.0,358,7358,17115,713,1.4183514774494557,1286,6250,0.8779352439202229,4
0.0,359,7359,17161,706,1.35535858178888,1241,6233,0.896454920272253,0
0.0,360,7360,17158,721,1.367313915857605,1236,6262,0.8964313475045909,0
0.0,361,7361,17117,718,1.4275534441805227,1263,6271,0.8464763950366591,3
0.0,362,7362,17143,708,1.42833607907743,1214,6213,0.8350331312477639,2
0.0,363,7363,17140,720,1.3829457364341085,1290,6223,0.8789497127029711,2
0.0,364,7364,17170,715,1.3519278096800655,1219,6240,0.8655251922558133,2
0.0,365,7365,17135,713,1.3802371541501977,1265,6261,0.8932941613264715,3
0.0,366,7366,17176,722,1.3848711554447215,1203,6244,0.8675992023071697,1
0.0,367,7367,17134,715,1.3691222570532915,1276,6281,0.8949141090426608,1
0.0,368,7368,17148,713,1.3846153846153846,1209,6263,0.8966861727850984,0
0.0,369,7369,17155,722,1.3569131832797428,1244,6260,0.8900815094471481,2
0.0,370,7370,17164,727,1.4034369885433715,1222,6202,0.8679751956849401,2
0.0,371,7371,17139,718,1.385043754972156,1257,6243,0.8939096154482437,1
0.0,372,7372,17124,719,1.3908313908313907,1287,6287,0.8926129920089432,2
0.0,373,7373,17151,713,1.4122319301032566,1259,6173,0.896715623597759,0
0.0,374,7374,17134,716,1.3835068054443556,1249,6298,0.8968158226039327,0
0.0,375,7375,17119,711,1.4424920127795526,1252,6226,0.8908098816800262,2
0.0,376,7376,17126,724,1.4098360655737705,1281,6242,0.8964409407483676,0
0.0,377,7377,17129,710,1.4075595727198027,1217,6310,0.8670724900283597,1
0.0,378,7378,17115,711,1.3760617760617762,1295,6286,0.8963337150237913,1
0.0,379,7379,17160,708,1.3343823760818254,1271,6268,0.897049397926765,0
0.0,380,7380,17165,714,1.3835182250396196,1262,6161,0.8961796049035857,0
0.0,381,7381,17160,710,1.3748987854251011,1235,6247,0.8958871311070498,1
0.0,382,7382,17136,717,1.3910521955260977,1207,6296,0.8474588429742415,4
0.0,383,7383,17168,718,1.3806818181818181,1232,6171,0.8962996371144097,0
0.0,384,7384,17128,712,1.4404476418864909,1251,6217,0.8899287414008764,1
0.0,385,7385,17143,713,1.3880712625871416,1291,6209,0.8954686348126806,1
0.0,386,7386,17176,715,1.3582089552238805,1206,6248,0.8968122404225397,0
0.0,387,7387,17159,723,1.3338497288923314,1291,6234,0.8969617318752352,0
0.0,388,7388,17190,730,1.3395161290322581,1240,6178,0.8846027279487473,1
0.0,389,7389,17178,727,1.348585690515807,1202,6243,0.8916983480263564,3
0.0,390,7390,17126,715,1.426791277258567,1284,6202,0.8833389001792973,1
0.0,391,7391,17133,722,1.4161341853035143,1252,6261,0.8551894272811735,2
0.0,392,7392,17106,715,1.5020341741253052,1229,6219,0.8700484794544918,3
0.0,393,7393,17191,715,1.3190436933223413,1213,6241,0.8963733464671775,0
0.0,394,7394,17161,713,1.3570843570843572,1221,6307,0.8963399940255969,0
0.0,395,7395,17182,718,1.402948402948403,1221,6134,0.841865447215168,2
0.0,396,7396,17164,717,1.3697211155378486,1255,6197,0.8716001220225069,1
0.0,397,7397,17104,711,1.4184231069476971,1281,6257,0.8387575149477288,3
0.0,398,7398,17129,719,1.4294770206022187,1262,6229,0.8918836929732057,1
0.0,399,7399,17161,718,1.3378164556962024,1264,6274,0.896718162267909,0
0.5,0,5007000,16953,695,1.7467320261437909,1224,6177,0.8963748483934003,0
0.5,1,5007001,16977,713,1.6781701444622792,1246,6192,0.8962556979628665,0
0.5,2,5007002,16953,717,1.6925490196078432,1275,6190,0.8954086125739783,1
0.5,3,5007003,16928,714,1.7756862745098039,1275,6099,0.8960530922752806,0
0.5,4,5007004,16964,705,1.7421487603305785,1210,6170,0.8964516665369571,0
0.5,5,5007005,16849,715,1.865506329113924,1264,6235,0.8829777533101781,2
0.5,6,5007006,16905,714,1.8300079808459697,1253,6129,0.8644158950515971,2
0.5,7,5007007,16937,715,1.8470490440565253,1203,6084,0.8479540541669482,2
0.5,8,5007008,16899,707,1.8270616493194556,1249,6183,0.895529016587761,0
0.5,9,5007009,16948,710,1.7726907630522089,1245,6111,0.8570310141153958,2
0.5,10,5007010,16925,709,1.7737520128824478,1242,6158,0.8957527356949825,0
0.5,11,5007011,16991,715,1.6211878009630818,1246,6257,0.8815178963886551,1
0.5,12,5007012,16911,699,1.884485666104553,1186,6137,0.8588288473120999,2
0.5,13,5007013,16925,714,1.7617529880478087,1255,6166,0.8621985634935445,2
0.5,14,5007014,16948,708,1.7568881685575364,1234,6176,0.8957344985318928,0
0.5,15,5007015,16907,710,1.8334661354581674,1255,6107,0.8564930844377947,2
0.5,16,5007016,16963,721,1.778813559322034,1180,6215,0.8954369137848207,0
0.5,17,5007017,16908,711,1.842902711323764,1254,6071,0.8533909887779799,2
0.5,18,5007018,16938,709,1.8322422258592472,1222,6097,0.872135539877025,1
0.5,19,5007019,16895,699,1.8493485342019544,1228,6170,0.8954652290028813,0
0.5,20,5007020,16936,712,1.8182586644125105,1183,6170,0.8701567449947086,2
0.5,21,5007021,16908,711,1.8508914100486225,1234,6154,0.8791552832466751,1
0.5,22,5007022,16869,702,1.8278816199376946,1284,6168,0.892171730085552,3
0.5,23,5007023,16916,719,1.8514285714285714,1225,6107,0.8957347821588458,0
0.5,24,5007024,16844,707,1.903680501174628,1277,6146,0.8498414567438802,4
0.5,25,5007025,16956,715,1.7420408163265306,1225,6218,0.8965512454052854,0
0.5,26,5007026,16994,708,1.6929460580912863,1205,6188,0.8719213133492145,1
0.5,27,5007027,16971,710,1.6461187214611872,1314,6150,0.8857827974790006,1
0.5,28,5007028,16941,718,1.7843925985518907,1243,6093,0.8958354845157398,0
0.5,29,5007029,16954,725,1.7883642495784149,1186,6193,0.8930444353679011,1
0.5,30,5007030,16881,719,1.8497991967871485,1245,6170,0.8781464068561373,4
0.5,31,5007031,16874,721,1.8795275590551181,1270,6111,0.8623604683038323,2
0.5,32,5007032,17018,727,1.596825396825397,1260,6168,0.8630765596232507,1
0.5,33,5007033,16934,716,1.8063725490196079,1224,6123,0.8874141945499806,3
0.5,34,5007034,16982,718,1.7076167076167077,1221,6166,0.8956852220986258,1
0.5,35,5007035,16928,713,1.758102766798419,1265,6164,0.8958367421527829,0
0.5,36,5007036,16906,707,1.8583333333333334,1200,6173,0.8883815879494105,2
0.5,37,5007037,16947,705,1.7822847682119205,1208,6185,0.8633558230665118,2
0.5,38,5007038,16907,711,1.7574827321565618,1303,6144,0.8967447149797675,0
0.5,39,5007039,16920,726,1.816006600660066,1212,6205,0.881328163995415,1
0.5,40,5007040,16887,696,1.79375,1280,6189,0.8837650517986233,2
0.5,41,5007041,17028,721,1.672834314550042,1189,6130,0.8959349473346829,0
0.5,42,5007042,16975,706,1.6298039215686275,1275,6222,0.8771589760142628,2
0.5,43,5007043,16939,697,1.7437550362610799,1241,6178,0.894078768921933,1
0.5,44,5007044,16925,692,1.7428355957767723,1326,6082,0.8960478522114874,0
0.5,45,5007045,16920,706,1.8340147179067865,1223,6132,0.8953027756314647,1
0.5,46,5007046,16957,737,1.7978279030910609,1197,6151,0.8838812934282053,1
0.5,47,5007047,16877,709,1.9157894736842105,1235,6044,0.8689161171728937,4
0.5,48,5007048,16952,696,1.749795584627964,1223,6169,0.87016903130244,2
0.5,49,5007049,16950,706,1.6884735202492211,1284,6172,0.8935807771316295,1
0.5,50,5007050,16979,720,1.7410192147034251,1197,6150,0.8957379421985504,0
0.5,51,5007051,16958,723,1.7219031993437244,1219,6238,0.8960485697207,0
0.5,52,5007052,16919,716,1.7235338918507235,1313,6159,0.8820254814554742,1
0.5,53,5007053,17018,721,1.6255961844197138,1258,6138,0.8966317932459784,0
0.5,54,5007054,16990,712,1.6955796497080902,1199,6171,0.8529056478697801,2
0.5,55,5007055,16875,696,1.8386050283860502,1233,6211,0.8759316924436913,2
0.5,56,5007056,16972,706,1.7082644628099173,1210,6219,0.8791235474820411,1
0.5,57,5007057,16958,717,1.765273311897106,1244,6105,0.8542121346086322,1
0.5,58,5007058,16950,714,1.7807089859851608,1213,6147,0.869306764231261,3
0.5,59,5007059,16990,708,1.7069109075770192,1201,6173,0.8964113961060901,0
0.5,60,5007060,16930,710,1.830267558528428,1196,6145,0.8900199059793413,1
0.5,61,5007061,16975,712,1.7627118644067796,1180,6150,0.8956380772238678,0
0.5,62,5007062,16987,718,1.7257142857142858,1225,6099,0.8958317350119053,0
0.5,63,5007063,16937,713,1.7871649065800161,1231,6119,0.8961276129875906,0
0.5,64,5007064,16963,715,1.7557058326289094,1183,6249,0.8960473040989754,0
0.5,65,5007065,16927,712,1.7951807228915662,1245,6134,0.8950794243250982,1
0.5,66,5007066,16921,700,1.8483099752679308,1213,6127,0.8952570233467894,0
0.5,67,5007067,16996,721,1.7062706270627064,1212,6154,0.895563779204401,0
0.5,68,5007068,16958,721,1.7370129870129871,1232,6178,0.8786523575585111,3
0.5,69,5007069,16915,702,1.7858880778588808,1233,6198,0.8859862542761968,1
0.5,70,5007070,16957,708,1.677698975571316,1269,6203,0.8964885509919102,0
0.5,71,5007071,16912,707,1.7980922098569156,1258,6193,0.85570145074596,4
0.5,72,5007072,16950,704,1.802207130730051,1178,6152,0.859783364219966,3
0.5,73,5007073,16999,722,1.660670482420278,1223,6189,0.8859652159036144,1
0.5,74,5007074,16876,700,1.856911883589329,1237,6236,0.8943336464295578,1
0.5,75,5007075,16962,724,1.7771236333052987,1189,6174,0.896161646448526,0
0.5,76,5007076,17017,711,1.6719437115215479,1137,6285,0.8967776146116163,0
0.5,77,5007077,16962,712,1.7441485068603713,1239,6116,0.856791760090896,1
0.5,78,5007078,17018,705,1.6624365482233503,1182,6192,0.8961556934909461,0
0.5,79,5007079,16950,716,1.7333333333333334,1230,6228,0.8773233925108679,1
0.5,80,5007080,16984,707,1.7261306532663316,1194,6211,0.852398908509614,2
0.5,81,5007081,16938,721,1.7749169435215948,1204,6244,0.8762245040420963,2
0.5,82,5007082,16928,716,1.8513957307060755,1218,6087,0.8952665371793527,0
0.5,83,5007083,16933,717,1.7488514548238898,1306,6083,0.8902126100363399,2
0.5,84,5007084,16901,711,1.8587755102040817,1225,6129,0.8944786372775966,1
0.5,85,5007085,16956,697,1.7768526228143213,1201,6147,0.8815179037584118,2
0.5,86,5007086,16939,695,1.7558609539207761,1237,6158,0.8740008143806308,1
0.5,87,5007087,16946,704,1.7341040462427746,1211,6244,0.8959793833329804,1
0.5,88,5007088,16859,706,1.8886274509803922,1275,6110,0.8955609115303205,0
0.5,89,5007089,16878,698,1.8760852407261248,1267,6109,0.8952316648264539,0
0.5,90,5007090,16968,709,1.6733708769106999,1243,6204,0.8575739219351975,2
0.5,91,5007091,16960,724,1.8005115089514065,1173,6163,0.8907158309272921,1
0.5,92,5007092,17011,705,1.66199505358615,1213,6155,0.8955322191571555,1
0.5,93,5007093,16921,700,1.7927710843373494,1245,6146,0.8679122199809166,1
0.5,94,5007094,16928,731,1.7940466613032984,1243,6164,0.8960338311149316,0
0.5,95,5007095,16952,712,1.7764127764127764,1221,6162,0.8955636806715157,0
0.5,96,5007096,16950,704,1.7253184713375795,1256,6176,0.8937955146868308,1
0.5,97,5007097,16934,713,1.7526358475263584,1233,6206,0.8957063627727333,0
0.5,98,5007098,16912,701,1.8782894736842106,1216,6105,0.8391174024404634,3
0.5,99,5007099,16961,722,1.7188006482982172,1234,6189,0.8948847402887239,1
0.5,100,5007100,16930,710,1.7896039603960396,1212,6170,0.8378408185380032,2
0.5,101,5007101,16943,711,1.8052057094878253,1191,6170,0.8944538544135099,1
0.5,102,5007102,16959,716,1.7765690376569037,1195,6148,0.8384324714951739,3
0.5,103,5007103,16918,725,1.8072580645161291,1240,6180,0.8951562990550871,2
0.5,104,5007104,16927,722,1.751170046801872,1282,6185,0.8788866310395715,1
0.5,105,5007105,16860,712,1.928099173553719,1210,6202,0.8532745252853131,2
0.5,106,5007106,16943,718,1.745411013567438,1253,6162,0.8963611030397779,0
0.5,107,5007107,16847,705,1.8995327102803738,1284,6137,0.8513649374921494,3
0.5,108,5007108,16953,714,1.7299509001636661,1222,6207,0.8961173902122171,1
0.5,109,5007109,16946,703,1.686046511627907,1290,6194,0.8963420411904022,1
0.5,110,5007110,16917,696,1.7348767737117252,1339,6076,0.8729156516332939,1
0.5,111,5007111,16879,708,1.8501602564102564,1248,6184,0.8880342946677254,2
0.5,112,5007112,16919,709,1.807914262159934,1213,6231,0.8964334854033108,0
0.5,113,5007113,16947,719,1.7701711491442542,1227,6145,0.8649385576894794,1
0.5,114,5007114,16978,714,1.7017543859649122,1254,6138,0.8965364993503122,0
0.5,115,5007115,16945,708,1.782433521353747,1241,6105,0.8908901467808527,1
0.5,116,5007116,16935,709,1.8043831168831168,1232,6136,0.8950931629284016,1
0.5,117,5007117,16937,707,1.8018092105263157,1216,6131,0.8932235027917621,1
0.5,118,5007118,16937,708,1.7596774193548388,1240,6155,0.8927982183012408,1
0.5,119,5007119,16884,695,1.9169435215946844,1204,6123,0.8417173384944772,2
0.5,120,5007120,16899,704,1.9008474576271186,1180,6172,0.8952787980923181,0
0.5,121,5007121,16974,723,1.7135922330097086,1236,6178,0.8963778921867884,0
0.5,122,5007122,16975,706,1.6849315068493151,1241,6159,0.8959947010634624,0
0.5,123,5007123,16982,722,1.658878504672897,1284,6114,0.8945919970495722,1
0.5,124,5007124,16951,725,1.8624247635425624,1163,6138,0.8811191362648143,2
0.5,125,5007125,16945,704,1.7518427518427517,1221,6189,0.8960966484890278,1
0.5,126,5007126,16960,704,1.7733549959382615,1231,6103,0.8956239297114559,1
0.5,127,5007127,16964,718,1.68503937007874,1270,6146,0.8951506959826585,1
0.5,128,5007128,16956,718,1.7261712439418417,1238,6210,0.8799604772763823,1
0.5,129,5007129,16937,714,1.7903091060985798,1197,6179,0.8934113925750686,2
0.5,130,5007130,16867,704,1.9304987735077679,1223,6139,0.8937882877830973,2
0.5,131,5007131,16910,710,1.8180367118914604,1253,6162,0.895451137642253,0
0.5,132,5007132,16941,719,1.8233830845771144,1206,6112,0.860878030175351,1
0.5,133,5007133,16931,698,1.8038079470198676,1208,6137,0.8590309642849123,3
0.5,134,5007134,16918,704,1.8211382113821137,1230,6158,0.8937330552178862,1
0.5,135,5007135,16910,702,1.8045705279747832,1269,6086,0.8918724417888712,2
0.5,136,5007136,16942,717,1.8161397670549084,1202,6103,0.8956641400303129,0
0.5,137,5007137,16955,713,1.7886728655959425,1183,6179,0.8938328640004821,1
0.5,138,5007138,17030,716,1.6148867313915858,1236,6150,0.8962960734448657,0
0.5,139,5007139,16935,711,1.746122448979592,1225,6227,0.8907855921031121,1
0.5,140,5007140,16890,714,1.8589846897663176,1241,6141,0.8932860222536176,2
0.5,141,5007141,16900,712,1.7734375,1280,6199,0.886829406554277,2
0.5,142,5007142,16932,705,1.759433962264151,1272,6144,0.8961059706878205,0
0.5,143,5007143,16928,706,1.8197251414713016,1237,6089,0.8957065121161186,0
0.5,144,5007144,16997,726,1.691275167785235,1192,6226,0.8959514648061468,0
0.5,145,5007145,16905,705,1.8316205533596839,1265,6106,0.8784294559411127,1
0.5,146,5007146,16894,713,1.843450479233227,1252,6138,0.870373978243349,3
0.5,147,5007147,16990,718,1.6928571428571428,1260,6095,0.8782220196166886,1
0.5,148,5007148,16978,718,1.728956228956229,1188,6193,0.8837421382158622,2
0.5,149,5007149,16920,704,1.8252267106347897,1213,6171,0.8689573881548289,1
0.5,150,5007150,16931,705,1.8273260687342834,1193,6161,0.8685445567177241,2
0.5,151,5007151,16912,719,1.833470057424118,1219,6175,0.8648345260739554,3
0.5,152,5007152,16952,710,1.729816147082334,1251,6188,0.8962348795427498,0
0.5,153,5007153,16912,721,1.8209538702111023,1279,6083,0.858154142518875,1
0.5,154,5007154,16962,708,1.6958234830575256,1269,6164,0.8960730891205673,0
0.5,155,5007155,16954,719,1.7367109634551494,1204,6218,0.8833410957000026,1
0.5,156,5007156,16946,709,1.7223529411764706,1275,6126,0.8689556595063668,1
0.5,157,5007157,16930,698,1.7756255044390639,1239,6145,0.8852763211887048,2
0.5,158,5007158,16985,714,1.6848281642917016,1193,6244,0.8949406686355994,1
0.5,159,5007159,16936,717,1.8045492839090143,1187,6214,0.8900835789177537,2
0.5,160,5007160,16954,724,1.7682227682227682,1221,6160,0.8898334123977371,1
0.5,161,5007161,16962,717,1.7358490566037736,1219,6188,0.89654512023155,0
0.5,162,5007162,16923,704,1.754863813229572,1285,6140,0.8951290484967842,1
0.5,163,5007163,16961,710,1.745635910224439,1203,6207,0.8938510868753349,1
0.5,164,5007164,16960,711,1.7514693534844668,1191,6220,0.8962945284343595,0
0.5,165,5007165,16984,719,1.7142857142857142,1211,6179,0.8960697310287875,0
0.5,166,5007166,16947,704,1.7371382636655948,1244,6161,0.8867418624496878,2
0.5,167,5007167,16909,715,1.8168789808917198,1256,6134,0.8842714591528505,3
0.5,168,5007168,17003,711,1.6614626129827446,1217,6176,0.8962993743571432,0
0.5,169,5007169,16948,711,1.7724696356275305,1235,6122,0.8903936477999016,2
0.5,170,5007170,16971,706,1.7801652892561983,1210,6089,0.8951871962865147,0
0.5,171,5007171,16889,719,1.797191887675507,1282,6179,0.8645397554117972,2
0.5,172,5007172,16889,725,1.8568,1250,6176,0.856613088234336,2
0.5,173,5007173,16906,710,1.8574938574938575,1221,6128,0.8754634753548542,2
0.5,174,5007174,16974,711,1.6763550667714062,1273,6178,0.8965412527858104,0
0.5,175,5007175,16945,713,1.8062080536912752,1192,6142,0.860207579642605,3
0.5,176,5007176,16979,718,1.7078559738134207,1222,6206,0.8961255835650773,0
0.5,177,5007177,16987,721,1.6582077716098336,1261,6211,0.87934664350879,2
0.5,178,5007178,16938,710,1.701014832162373,1281,6181,0.8967686089077572,0
0.5,179,5007179,16914,707,1.7984189723320159,1265,6136,0.8958210049662153,1
0.5,180,5007180,16953,730,1.716872427983539,1215,6229,0.8961717971874785,0
0.5,181,5007181,17005,728,1.6241830065359477,1224,6221,0.8963345908748307,0
0.5,182,5007182,16938,713,1.7583011583011583,1295,6115,0.8496000106473005,2
0.5,183,5007183,16949,717,1.7528548123980423,1226,6209,0.895517466048827,1
0.5,184,5007184,16929,725,1.838235294117647,1224,6112,0.8955883465890102,0
0.5,185,5007185,16930,710,1.7768,1250,6172,0.8966938281476289,0
0.5,186,5007186,16941,712,1.7954735959765298,1193,6186,0.8511984777265471,1
0.5,187,5007187,16984,716,1.7249589490968802,1218,6104,0.8950621759524653,1
0.5,188,5007188,16895,715,1.846832397754611,1247,6196,0.8909496527166046,2
0.5,189,5007189,16971,722,1.7414355628058729,1226,6147,0.8955816711815124,0
0.5,190,5007190,16933,712,1.750394944707741,1266,6187,0.8782195294083894,2
0.5,191,5007191,16956,714,1.7068825910931174,1235,6223,0.8965726819685921,0
0.5,192,5007192,17011,711,1.6952380952380952,1155,6180,0.8939734031068856,1
0.5,193,5007193,16938,702,1.718342287029931,1303,6122,0.8905897591630572,2
0.5,194,5007194,16969,706,1.776271186440678,1180,6154,0.8110574749152069,2
0.5,195,5007195,16941,723,1.793354943273906,1234,6124,0.853249077616181,2
0.5,196,5007196,16968,710,1.702922077922078,1232,6200,0.8956390931449085,1
0.5,197,5007197,16860,712,1.9130081300813009,1230,6155,0.8953127976828401,1
0.5,198,5007198,16949,723,1.7478191911181602,1261,6133,0.8940027466480173,1
0.5,199,5007199,16948,712,1.8062913907284768,1208,6139,0.8955741155142188,0
0.5,200,5007200,16920,716,1.803030303030303,1254,6157,0.8958895493153476,1
0.5,201,5007201,16932,717,1.7604166666666667,1248,6208,0.8964340096513057,0
0.5,202,5007202,16879,710,1.8135860979462874,1266,6215,0.8926844861443985,1
0.5,203,5007203,16957,716,1.7391653290529696,1246,6095,0.8963006269434611,0
0.5,204,5007204,16942,715,1.8236301369863013,1168,6213,0.8870155412118498,2
0.5,205,5007205,16905,697,1.7490436113236418,1307,6191,0.801337698259513,3
0.5,206,5007206,16909,707,1.8539967373572595,1226,6115,0.8926951803430686,2
0.5,207,5007207,16844,705,1.9790491539081385,1241,6082,0.8913588139316977,3
0.5,208,5007208,16916,694,1.8157248157248158,1221,6193,0.894611592686433,1
0.5,209,5007209,16901,699,1.9011925042589437,1174,6177,0.8406809722688188,2
0.5,210,5007210,16939,710,1.732806324110672,1265,6161,0.8716338451957917,2
0.5,211,5007211,16990,706,1.7146341463414634,1230,6113,0.89619930451559,0
0.5,212,5007212,16893,713,1.8733443708609272,1208,6184,0.8819350809293948,3
0.5,213,5007213,16970,724,1.7698675496688743,1208,6123,0.8956197399654231,0
0.5,214,5007214,16966,707,1.7224523612261806,1207,6208,0.8408241802602037,2
0.5,215,5007215,16884,709,1.8724614134849715,1231,6165,0.8952085095405046,1
0.5,216,5007216,16971,732,1.718298555377207,1246,6151,0.8959346873016412,0
0.5,217,5007217,16945,714,1.7732893652102226,1213,6200,0.8664633329212389,2
0.5,218,5007218,16988,723,1.6751854905193735,1213,6224,0.8949224563670992,2
0.5,219,5007219,16927,720,1.7637987012987013,1232,6238,0.8960989680065307,0
0.5,220,5007220,16936,716,1.7953795379537953,1212,6153,0.8492276866892633,3
0.5,221,5007221,16922,711,1.7902834008097166,1235,6209,0.8960020331322175,0
0.5,222,5007222,16973,710,1.6809024979854956,1241,6206,0.895143032585562,1
0.5,223,5007223,16904,705,1.7831612390786338,1259,6220,0.8933131414362305,1
0.5,224,5007224,16943,700,1.754442649434572,1238,6151,0.8963347770341983,0
0.5,225,5007225,16906,707,1.865040650406504,1230,6110,0.7800564219236077,4
0.5,226,5007226,16932,711,1.7723320158102767,1265,6120,0.8759757411490172,1
0.5,227,5007227,16930,715,1.7167584579071598,1271,6247,0.8230361812368111,3
0.5,228,5007228,16902,711,1.8438783894823336,1217,6208,0.8827368315150836,2
0.5,229,5007229,16979,706,1.6262626262626263,1287,6208,0.8966113067806549,0
0.5,230,5007230,16924,719,1.7679558011049723,1267,6135,0.8965213584288584,0
0.5,231,5007231,16938,715,1.7687348912167606,1241,6168,0.8634532986571621,1
0.5,232,5007232,16883,698,1.9233361415332773,1187,6136,0.8755108503486024,3
0.5,233,5007233,16959,689,1.75,1228,6125,0.8957531894504644,0
0.5,234,5007234,16951,711,1.7136222910216719,1292,6118,0.8965074032658393,0
0.5,235,5007235,16962,712,1.7405582922824303,1218,6161,0.8638165183225046,1
0.5,236,5007236,16970,727,1.7029156816390858,1269,6129,0.8931312478019073,1
0.5,237,5007237,17013,709,1.6808688387635755,1197,6118,0.874063580981509,2
0.5,238,5007238,16935,695,1.6870229007633588,1310,6180,0.8474268509182293,1
0.5,239,5007239,16938,726,1.7098525989138866,1289,6175,0.8958780593983654,1
0.5,240,5007240,16904,727,1.855120732722731,1201,6229,0.8949601998659075,1
0.5,241,5007241,16861,707,1.9352697095435685,1205,6156,0.8489224623084167,5
0.5,242,5007242,16980,708,1.67430441898527,1222,6212,0.8944313635487287,1
0.5,243,5007243,16920,722,1.7836767036450079,1262,6148,0.8851188615023663,3
0.5,244,5007244,16916,718,1.863486842105263,1216,6133,0.879556050573177,1
0.5,245,5007245,16931,709,1.761866452131939,1243,6199,0.8959605978093309,0
0.5,246,5007246,16924,715,1.9234737747205504,1163,6097,0.8702355090050476,2
0.5,247,5007247,16960,710,1.7373983739837398,1230,6147,0.8860991574495705,1
0.5,248,5007248,16931,722,1.8323651452282157,1205,6143,0.8405055874353897,2
0.5,249,5007249,16965,718,1.7267628205128205,1248,6118,0.8962653799861264,0
0.5,250,5007250,16968,709,1.7544757033248082,1173,6215,0.8957359628890906,0
0.5,251,5007251,16976,714,1.7386363636363635,1232,6102,0.8963741413382605,0
0.5,252,5007252,16979,703,1.7032418952618453,1203,6231,0.8940536108217947,1
0.5,253,5007253,16998,720,1.6944894651539708,1234,6091,0.8955648701566739,0
0.5,254,5007254,16863,703,1.8379804069329315,1327,6124,0.8962108433737177,0
0.5,255,5007255,16877,694,1.8528938906752412,1244,6162,0.89151080564342,2
0.5,256,5007256,16937,708,1.7855421686746988,1245,6111,0.8954483885311753,1
0.5,257,5007257,16975,716,1.7553719008264463,1210,6101,0.8697817599939104,1
0.5,258,5007258,16890,694,1.865814696485623,1252,6120,0.8877940571988232,2
0.5,259,5007259,16937,722,1.73125,1280,6151,0.8962746777309472,0
0.5,260,5007260,16993,714,1.693723849372385,1195,6229,0.8688382467500722,1
0.5,261,5007261,16967,704,1.7167207792207793,1232,6168,0.8963432610021547,0
0.5,262,5007262,16882,704,1.854980079681275,1255,6142,0.8859671561280896,1
0.5,263,5007263,16945,720,1.7993311036789297,1196,6169,0.8903705496029998,2
0.5,264,5007264,16906,715,1.8322422258592472,1222,6204,0.8752829621665749,3
0.5,265,5007265,17005,717,1.742808798646362,1182,6107,0.8955696042850001,0
0.5,266,5007266,16954,693,1.7318840579710144,1242,6179,0.896378788781296,0
0.5,267,5007267,16922,705,1.8383428107229893,1231,6085,0.825458771826787,3
0.5,268,5007268,16871,711,1.8821630347054077,1239,6197,0.8785383329887113,3
0.5,269,5007269,16978,714,1.671509281678773,1239,6217,0.896219235621641,0
0.5,270,5007270,16996,718,1.6919934640522876,1224,6141,0.894536238813407,1
0.5,271,5007271,16964,713,1.73419773095624,1234,6180,0.8913102570378276,1
0.5,272,5007272,16999,721,1.7313943541488452,1169,6184,0.8960177467049014,0
0.5,273,5007273,16916,722,1.8253205128205128,1248,6116,0.8958070757074015,0
0.5,274,5007274,16936,724,1.7965686274509804,1224,6116,0.8784752992228988,2
0.5,275,5007275,16922,702,1.7689144736842106,1216,6245,0.8904342397352067,1
0.5,276,5007276,16918,711,1.8052159739201303,1227,6178,0.8614124910627499,4
0.5,277,5007277,17008,706,1.6619365609348915,1198,6235,0.8494686556041945,2
0.5,278,5007278,16947,712,1.786721991701245,1205,6187,0.8954979407040904,0
0.5,279,5007279,16935,709,1.8063973063973064,1188,6196,0.855579674952831,1
0.5,280,5007280,16975,709,1.739714525608732,1191,6176,0.8513397435668271,2
0.5,281,5007281,16865,711,1.8455034588777863,1301,6111,0.8944024810568274,1
0.5,282,5007282,16909,714,1.8476821192052981,1208,6164,0.8945401203684709,1
0.5,283,5007283,16908,722,1.847649918962723,1234,6135,0.8946377270901376,1
0.5,284,5007284,16985,732,1.6709163346613545,1255,6182,0.8803673370432537,1
0.5,285,5007285,16962,709,1.7662771285475793,1198,6158,0.8958549887932957,0
0.5,286,5007286,16879,711,1.9191836734693877,1225,6135,0.8934404661297547,1
0.5,287,5007287,16924,720,1.7702596380802518,1271,6157,0.8955853193669034,1
0.5,288,5007288,16909,707,1.8434426229508196,1220,6167,0.8816975410414172,1
0.5,289,5007289,16841,722,1.9474535165723525,1237,6164,0.8809909189195085,2
0.5,290,5007290,16926,715,1.8319256756756757,1184,6145,0.8931109828479444,1
0.5,291,5007291,16946,714,1.7531847133757963,1256,6140,0.8962502348939594,0
0.5,292,5007292,16937,718,1.7218649517684887,1244,6244,0.8957675052962953,1
0.5,293,5007293,16934,698,1.7814784727863526,1231,6187,0.8676413636149839,1
0.5,294,5007294,16943,694,1.7864625302175665,1241,6118,0.8958151746477695,0
0.5,295,5007295,16966,727,1.7524350649350648,1232,6148,0.8062645764600825,3
0.5,296,5007296,17015,709,1.711304347826087,1150,6150,0.8561727410027226,1
0.5,297,5007297,17014,709,1.6016,1250,6210,0.8966333642917366,0
0.5,298,5007298,16928,708,1.7585365853658537,1230,6218,0.8923472944673391,1
0.5,299,5007299,16928,707,1.79902755267423,1234,6153,0.8963220764886032,0
0.5,300,5007300,16942,707,1.675233644859813,1284,6226,0.8969235739913917,0
0.5,301,5007301,16934,702,1.71996879875195,1282,6186,0.8969949310437331,0
0.5,302,5007302,16949,700,1.7481956696070569,1247,6160,0.8429704858793778,2
0.5,303,5007303,16995,726,1.7315436241610738,1192,6168,0.8755197741543149,2
0.5,304,5007304,16896,690,1.8027156549520766,1252,6183,0.8577316519731027,3
0.5,305,5007305,16957,709,1.745679012345679,1215,6192,0.890755913672433,2
0.5,306,5007306,16950,707,1.6983503534956794,1273,6175,0.8962062143981371,0
0.5,307,5007307,16940,707,1.7651452282157676,1205,6229,0.8752628724806801,1
0.5,308,5007308,16959,710,1.6869633099141297,1281,6130,0.8963050225813483,0
0.5,309,5007309,16954,687,1.7441666666666666,1200,6200,0.8884842781068423,1
0.5,310,5007310,16959,706,1.7974683544303798,1185,6114,0.8955576378993928,0
0.5,311,5007311,16969,708,1.748792270531401,1242,6087,0.8587002060803389,2
0.5,312,5007312,16917,718,1.7973499610288386,1283,6131,0.8965639900656541,0
0.5,313,5007313,16889,702,1.8456591639871383,1244,6179,0.8956938470575228,0
0.5,314,5007314,16895,705,1.7665886026541764,1281,6210,0.891542109151373,1
0.5,315,5007315,16948,701,1.7088709677419356,1240,6214,0.8955257627912724,0
0.5,316,5007316,16957,721,1.7502027575020276,1233,6138,0.8921924806630873,1
0.5,317,5007317,16958,718,1.7497928748964375,1207,6161,0.8858152367747243,2
0.5,318,5007318,16993,719,1.6947194719471947,1212,6156,0.8928514569440414,1
0.5,319,5007319,16947,717,1.7655502392344498,1254,6145,0.8917238058231172,1
0.5,320,5007320,16876,723,1.8579409417398245,1253,6178,0.8957649470080293,1
0.5,321,5007321,16880,723,1.83125,1280,6119,0.8580616621589712,3
0.5,322,5007322,16913,719,1.810853950518755,1253,6180,0.8959857144118312,0
0.5,323,5007323,16986,711,1.7695652173913043,1150,6185,0.8954552830571929,0
0.5,324,5007324,16938,697,1.7976973684210527,1216,6168,0.8836178200630925,1
0.5,325,5007325,16925,726,1.8318068276436303,1201,6166,0.8893315088814576,1
0.5,326,5007326,16871,720,1.8919354838709677,1240,6171,0.8715302738488034,1
0.5,327,5007327,16940,701,1.8124474348191757,1189,6144,0.8723508231614419,2
0.5,328,5007328,16930,711,1.8426483233018056,1163,6189,0.8850712042442659,2
0.5,329,5007329,16903,713,1.8303715670436187,1238,6183,0.863116141879989,1
0.5,330,5007330,16963,702,1.7413509060955519,1214,6173,0.8698693707227492,2
0.5,331,5007331,16947,713,1.7510271158586688,1217,6174,0.8946852462536631,2
0.5,332,5007332,16954,712,1.7392363931762795,1231,6160,0.8966041497413452,0
0.5,333,5007333,16997,711,1.6792611251049538,1191,6230,0.8588310634398807,1
0.5,334,5007334,16918,709,1.8368336025848142,1238,6073,0.8637735006319482,4
0.5,335,5007335,16960,717,1.7411003236245954,1236,6169,0.8955395001703295,0
0.5,336,5007336,16898,720,1.7864906832298137,1288,6165,0.8919708547339541,1
0.5,337,5007337,17006,705,1.7027027027027026,1184,6145,0.8848975291922873,2
0.5,338,5007338,16858,713,1.9451510333863276,1258,6042,0.8877038077063386,2
0.5,339,5007339,16943,714,1.763136620856912,1237,6173,0.8794153706308909,1
0.5,340,5007340,16908,710,1.7948517940717628,1282,6146,0.8888640542500804,1
0.5,341,5007341,16986,709,1.6909239574816026,1223,6183,0.850190437789261,2
0.5,342,5007342,16953,732,1.804635761589404,1208,6138,0.895426854355916,0
0.5,343,5007343,16902,721,1.8410174880763117,1258,6130,0.8896531397391925,1
0.5,344,5007344,16953,706,1.74512987012987,1232,6144,0.8730777541864045,2
0.5,345,5007345,16901,706,1.8811305070656692,1203,6138,0.881445030198204,3
0.5,346,5007346,16947,719,1.7856,1250,6109,0.8736113756596341,1
0.5,347,5007347,16943,735,1.8031173092698933,1219,6150,0.8957094615183342,0
0.5,348,5007348,16980,723,1.6661237785016287,1228,6241,0.893796148342239,1
0.5,349,5007349,16911,710,1.7517619420516837,1277,6198,0.8944901462273892,2
0.5,350,5007350,16972,722,1.7438220757825371,1214,6137,0.8964357423675278,0
0.5,351,5007351,16874,722,1.9216326530612244,1225,6141,0.8417304698212448,2
0.5,352,5007352,16938,709,1.7812244897959184,1225,6148,0.8933063756241018,2
0.5,353,5007353,16928,719,1.8271604938271604,1215,6139,0.8873793414316962,2
0.5,354,5007354,16870,711,1.884160756501182,1269,6139,0.8905826168793288,1
0.5,355,5007355,16986,701,1.6873449131513647,1209,6179,0.8943192441029645,1
0.5,356,5007356,16988,720,1.704190632703369,1217,6143,0.8955863993799447,1
0.5,357,5007357,16990,709,1.675431388660641,1217,6193,0.8812065687069961,1
0.5,358,5007358,16930,693,1.7122969837587008,1293,6202,0.8743304037708122,1
0.5,359,5007359,16898,719,1.8168789808917198,1256,6209,0.8954267959736881,1
0.5,360,5007360,16945,712,1.7116759332803813,1259,6204,0.8968772092141337,0
0.5,361,5007361,16865,701,1.8739232576350822,1277,6133,0.8914271213704488,1
0.5,362,5007362,16953,693,1.7010228166797796,1271,6187,0.8519834600905586,1
0.5,363,5007363,17004,714,1.707612456747405,1156,6183,0.846778227092918,3
0.5,364,5007364,16950,720,1.787903893951947,1207,6145,0.8920418008746654,1
0.5,365,5007365,16941,714,1.7585365853658537,1230,6197,0.8652117022280349,2
0.5,366,5007366,16956,717,1.7362459546925566,1236,6207,0.8961366976933125,0
0.5,367,5007367,16940,722,1.7650316455696202,1264,6130,0.8954721681920225,1
0.5,368,5007368,16935,714,1.8413621262458473,1204,6139,0.8954564930539413,0
0.5,369,5007369,16959,722,1.7575250836120402,1196,6206,0.8961080868053827,0
0.5,370,5007370,16918,714,1.7731157731157732,1287,6125,0.8593257122448161,1
0.5,371,5007371,16947,700,1.704718417047184,1314,6075,0.8651411683453961,2
0.5,372,5007372,16916,720,1.7433962264150944,1325,6146,0.895744837384921,1
0.5,373,5007373,16865,706,1.8971061093247588,1244,6117,0.8577038624867065,3
0.5,374,5007374,16923,710,1.817584223500411,1217,6116,0.8901529937127572,3
0.5,375,5007375,16925,714,1.7875816993464053,1224,6194,0.8959708238757385,0
0.5,376,5007376,16979,712,1.751484308736217,1179,6165,0.889048250873274,1
0.5,377,5007377,17021,709,1.683168316831683,1212,6107,0.8961035997441794,0
0.5,378,5007378,16902,706,1.799061767005473,1279,6147,0.8706522662386824,1
0.5,379,5007379,17042,710,1.603002502085071,1199,6170,0.8969198897969719,0
0.5,380,5007380,16963,724,1.6770670826833074,1282,6166,0.8689266480605831,1
0.5,381,5007381,16947,718,1.7627944760357432,1231,6157,0.8621422041546613,2
0.5,382,5007382,16921,696,1.8083538083538084,1221,6166,0.8959254281009364,0
0.5,383,5007383,16945,710,1.7508064516129032,1240,6156,0.895996075527646,0
0.5,384,5007384,16905,697,1.8429617575264443,1229,6148,0.8929945701942603,1
0.5,385,5007385,16972,700,1.7468879668049793,1205,6115,0.8682938029600343,1
0.5,386,5007386,16949,710,1.7710547833197057,1223,6148,0.8960263840279923,0
0.5,387,5007387,16939,711,1.7653225806451613,1240,6155,0.8921269379352864,1
0.5,388,5007388,16913,711,1.8353510895883778,1239,6171,0.8961540764953657,0
0.5,389,5007389,16947,716,1.7186495176848875,1244,6225,0.8707336406293363,2
0.5,390,5007390,16910,710,1.8167625308134758,1217,6205,0.8836262884560251,2
0.5,391,5007391,16949,720,1.689709347996858,1273,6220,0.8967083149251444,0
0.5,392,5007392,16933,709,1.8642917726887192,1179,6130,0.8790791623262907,1
0.5,393,5007393,16981,715,1.7397489539748954,1195,6146,0.8958652843227999,0
0.5,394,5007394,16929,714,1.7560975609756098,1271,6176,0.8949193121201626,1
0.5,395,5007395,16949,731,1.7524590163934426,1220,6187,0.8889720070989029,1
0.5,396,5007396,16907,709,1.8239043824701195,1255,6131,0.8939604318394616,1
0.5,397,5007397,16968,727,1.7040650406504065,1230,6203,0.8848355216762034,2
0.5,398,5007398,16956,720,1.7615449202350966,1191,6205,0.8938842894526543,1
0.5,399,5007399,16992,727,1.74496644295302,1192,6142,0.8929399363912595,1
1.0,0,10007000,16695,702,2.1777059773828755,1238,6132,0.8584304979753453,1
1.0,1,10007001,16786,719,2.0898502495840265,1202,6108,0.8952107450101885,0
1.0,2,10007002,16758,713,2.147689768976898,1212,6081,0.8961417701476201,0
1.0,3,10007003,16685,711,2.292887029288703,1195,6089,0.872233410969152,1
1.0,4,10007004,16692,691,2.258986928104575,1224,6055,0.8949314498349172,0
1.0,5,10007005,16648,709,2.383319292333614,1187,6070,0.8898389611705436,2
1.0,6,10007006,16671,694,2.277276456111567,1219,6085,0.8936758316934645,1
1.0,7,10007007,16707,714,2.262363788767812,1193,6086,0.893775468046036,1
1.0,8,10007008,16721,717,2.2296173044925123,1202,6053,0.894977117227034,0
1.0,9,10007009,16808,709,2.0435855263157894,1216,6065,0.8671449953713928,2
1.0,10,10007010,16756,714,2.196595744680851,1175,6082,0.8779973646610181,1
1.0,11,10007011,16737,708,2.1443894389438944,1212,6173,0.895474915537557,0
1.0,12,10007012,16667,704,2.2410785091197463,1261,6062,0.8765551050874876,1
1.0,13,10007013,16643,698,2.3287890938251805,1247,6012,0.8459022533674018,2
1.0,14,10007014,16666,717,2.300408163265306,1225,6066,0.8928544341890783,1
1.0,15,10007015,16694,697,2.2032388663967613,1235,6124,0.8937188891646969,1
1.0,16,10007016,16697,694,2.186795491143317,1242,6119,0.8954940968699165,0
1.0,17,10007017,16615,711,2.3559183673469386,1225,6078,0.8615454681041982,4
1.0,18,10007018,16699,715,2.2686817800167924,1191,6071,0.8782173060178119,2
1.0,19,10007019,16773,706,2.050239234449761,1254,6077,0.8953124695992123,0
1.0,20,10007020,16865,704,2.037521815008726,1146,6061,0.8953831175820206,0
1.0,21,10007021,16827,725,2.0266444629475435,1201,6095,0.8960517862177593,0
1.0,22,10007022,16803,707,2.0731914893617023,1175,6123,0.864593610258478,1
1.0,23,10007023,16650,705,2.410344827586207,1160,6071,0.8579439127662181,4
1.0,24,10007024,16671,699,2.3449709060681627,1203,5998,0.8888146980622871,1
1.0,25,10007025,16724,718,2.1387329591018442,1247,6120,0.8954483237200348,0
1.0,26,10007026,16715,699,2.205857740585774,1195,6137,0.870052243686916,1
1.0,27,10007027,16729,700,2.1452420701168613,1198,6187,0.8863651811091572,1
1.0,28,10007028,16777,719,2.045418326693227,1255,6060,0.893703821209302,1
1.0,29,10007029,16762,711,2.1649122807017545,1140,6193,0.8442304703965536,2
1.0,30,10007030,16677,709,2.2236421725239617,1252,6072,0.8297962128361596,3
1.0,31,10007031,16747,698,2.1772688719253606,1179,6092,0.845379457108139,3
1.0,32,10007032,16777,710,2.0952380952380953,1218,6075,0.8769932363408242,2
1.0,33,10007033,16743,700,2.2111486486486487,1184,6052,0.8927056281918464,2
1.0,34,10007034,16724,719,2.160287081339713,1254,6049,0.8949832133504003,0
1.0,35,10007035,16730,717,2.1868223519599668,1199,6113,0.8954514437605837,0
1.0,36,10007036,16682,714,2.339329517579722,1223,5941,0.8601166602831919,2
1.0,37,10007037,16709,708,2.2376644736842106,1216,6034,0.8951918956805119,0
1.0,38,10007038,16652,708,2.3021756647864624,1241,6064,0.8856552410316407,1
1.0,39,10007039,16615,695,2.3934959349593496,1230,6024,0.8785730559703788,2
1.0,40,10007040,16763,705,2.105815831987076,1238,6078,0.8812073568971582,2
1.0,41,10007041,16703,710,2.199183673469388,1225,6123,0.8862076329137499,1
1.0,42,10007042,16832,700,1.9991525423728813,1180,6143,0.8955170696426847,0
1.0,43,10007043,16604,698,2.4619932432432434,1184,6050,0.8657026011663349,3
1.0,44,10007044,16772,709,2.107231920199501,1203,6147,0.8953487900785058,0
1.0,45,10007045,16868,708,1.9536082474226804,1164,6167,0.8962427279138622,0
1.0,46,10007046,16684,719,2.2504078303425774,1226,6090,0.8938214215528968,1
1.0,47,10007047,16828,707,2.075021312872975,1173,6070,0.8512558254879652,1
1.0,48,10007048,16760,716,2.2026086956521738,1150,6095,0.8491762456672713,1
1.0,49,10007049,16712,709,2.2308970099667773,1204,6086,0.8708990860315329,1
1.0,50,10007050,16783,706,2.0032025620496396,1249,6165,0.8961111855543955,0
1.0,51,10007051,16747,693,2.144262295081967,1220,6066,0.8862671361897119,1
1.0,52,10007052,16729,717,2.2551546391752577,1164,6081,0.8349921721956314,3
1.0,53,10007053,16643,707,2.3068825910931174,1235,6098,0.8958660142522282,0
1.0,54,10007054,16684,694,2.208400646203554,1238,6106,0.879043330221178,1
1.0,55,10007055,16742,708,2.1577649958915366,1217,6070,0.8951551006977638,0
1.0,56,10007056,16819,714,1.982843137254902,1224,6106,0.8957881137868036,0
1.0,57,10007057,16802,716,2.0849292256452956,1201,6044,0.8953726584653291,0
1.0,58,10007058,16752,699,2.1698425849212923,1207,6045,0.8455883743585156,1
1.0,59,10007059,16755,718,2.1147938561034763,1237,6061,0.8919914221433046,1
1.0,60,10007060,16710,707,2.205834683954619,1234,6057,0.8873914879364516,1
1.0,61,10007061,16794,698,2.1754537597234225,1157,6026,0.895212780355663,0
1.0,62,10007062,16748,688,2.125102207686018,1223,6103,0.8951431422199715,0
1.0,63,10007063,16717,712,2.1657370517928287,1255,6050,0.8624002616468385,1
1.0,64,10007064,16765,702,2.0738916256157633,1218,6135,0.8961080804936659,0
1.0,65,10007065,16705,715,2.2380165289256198,1210,6098,0.8952313650638098,0
1.0,66,10007066,16753,708,2.224892703862661,1165,6030,0.8550745867339289,1
1.0,67,10007067,16720,714,2.213984835720303,1187,6107,0.8933919056449453,1
1.0,68,10007068,16727,705,2.132270916334661,1255,6081,0.8939713855840982,1
1.0,69,10007069,16688,701,2.2603648424543947,1206,6081,0.8810568449819197,3
1.0,70,10007070,16780,707,2.003915426781519,1277,6091,0.8961189057496768,0
1.0,71,10007071,16700,708,2.192338387869114,1253,6075,0.8932914375364698,1
1.0,72,10007072,16675,703,2.195141065830721,1276,6046,0.8667433467554785,3
1.0,73,10007073,16549,698,2.425897035881435,1282,6037,0.8553638973041732,3
1.0,74,10007074,16695,709,2.2635467980295565,1218,6030,0.8789029297332664,2
1.0,75,10007075,16700,724,2.2464375523889353,1193,6132,0.8953881890030878,0
1.0,76,10007076,16700,698,2.2452361226180613,1207,6081,0.8937762678192538,1
1.0,77,10007077,16745,721,2.2746967071057194,1154,6056,0.8904088549571041,1
1.0,78,10007078,16726,724,2.145339652448657,1266,6056,0.8953799021245177,0
1.0,79,10007079,16698,691,2.1858766233766236,1232,6111,0.8724105196698879,2
1.0,80,10007080,16694,701,2.10882800608828,1314,6078,0.8409451342896086,2
1.0,81,10007081,16686,701,2.2847682119205297,1208,6049,0.8551102221335614,3
1.0,82,10007082,16705,700,2.214168039538715,1214,6105,0.8947559940159664,0
1.0,83,10007083,16650,717,2.3042071197411005,1236,6087,0.8856410062670845,1
1.0,84,10007084,16808,707,1.9983416252072967,1206,6186,0.8956944668454451,0
1.0,85,10007085,16813,699,1.9966914805624483,1209,6115,0.8961477723877336,0
1.0,86,10007086,16704,700,2.2045088566827697,1242,6044,0.8964123167279009,0
1.0,87,10007087,16722,719,2.166529942575882,1219,6111,0.8955264435679332,0
1.0,88,10007088,16722,710,2.1358520900321545,1244,6081,0.8680774476608726,2
1.0,89,10007089,16824,708,1.9893442622950819,1220,6110,0.8776185571810426,1
1.0,90,10007090,16697,696,2.217709179528838,1231,6077,0.8935621851490441,1
1.0,91,10007091,16747,708,2.1887110362257793,1187,6076,0.8728857355897397,1
1.0,92,10007092,16712,712,2.14915797914996,1247,6099,0.8802209593619231,1
1.0,93,10007093,16815,698,2.03976801988401,1207,6090,0.8242088993818271,2
1.0,94,10007094,16729,697,2.1371610845295055,1254,6061,0.8959733725304865,0
1.0,95,10007095,16721,704,2.2587532023911185,1171,6105,0.8894470637363596,2
1.0,96,10007096,16735,715,2.17246963562753,1235,6036,0.8953242730790215,0
1.0,97,10007097,16682,719,2.309704641350211,1185,6102,0.8944876823485863,0
1.0,98,10007098,16636,701,2.302685109845403,1229,6089,0.8778429851010365,3
1.0,99,10007099,16705,700,2.217283950617284,1215,6119,0.8956675088522754,0
1.0,100,10007100,16710,709,2.2289758534554536,1201,6094,0.8944672953578723,1
1.0,101,10007101,16725,721,2.2470187393526406,1174,6101,0.8736510110966865,2
1.0,102,10007102,16750,717,2.1541598694942903,1226,6042,0.8953813528008097,0
1.0,103,10007103,16712,700,2.229591836734694,1176,6165,0.8954023806526653,0
1.0,104,10007104,16613,697,2.2524942440521873,1303,6119,0.889302038258872,1
1.0,105,10007105,16784,700,2.08767576509512,1209,6081,0.8740013356514822,1
1.0,106,10007106,16696,718,2.281144781144781,1188,6055,0.8936721657341646,2
1.0,107,10007107,16783,692,2.1906443071491615,1133,6051,0.882461955202462,1
1.0,108,10007108,16736,722,2.1821929101401483,1213,6078,0.8654764809395428,1
1.0,109,10007109,16745,695,2.1143317230273753,1242,6069,0.865803195314667,2
1.0,110,10007110,16701,699,2.2443890274314215,1203,6100,0.8807573553174528,2
1.0,111,10007111,16702,704,2.2235973597359737,1212,6098,0.832102524275447,2
1.0,112,10007112,16770,713,2.139966273187184,1186,6105,0.895402304136022,0
1.0,113,10007113,16770,716,2.1165695253955037,1201,6121,0.8957924243910005,0
1.0,114,10007114,16731,688,2.1659751037344397,1205,6097,0.8949449754996556,1
1.0,115,10007115,16614,702,2.357429718875502,1245,6051,0.8877117249535671,2
1.0,116,10007116,16793,715,2.11518771331058,1172,6083,0.8954515016968421,0
1.0,117,10007117,16678,707,2.3262531860662703,1177,6112,0.8754596155747241,1
1.0,118,10007118,16820,713,1.9754901960784315,1224,6150,0.8960447533742835,0
1.0,119,10007119,16775,715,2.1342905405405403,1184,6111,0.8641046766873014,1
1.0,120,10007120,16739,699,2.143908421913328,1223,6096,0.8959152580103975,0
1.0,121,10007121,16825,705,2.0400340715502554,1174,6112,0.8946648333156617,1
1.0,122,10007122,16766,690,2.0932343234323434,1212,6090,0.8948045812535602,0
1.0,123,10007123,16806,696,1.9975688816855754,1234,6110,0.8516569085805479,1
1.0,124,10007124,16625,705,2.2771084337349397,1245,6121,0.8907961793592726,2
1.0,125,10007125,16783,676,2.1267241379310344,1160,6119,0.8854741294035471,1
1.0,126,10007126,16751,696,2.187293729372937,1212,5995,0.8957945191892497,0
1.0,127,10007127,16686,683,2.285240464344942,1206,6010,0.7786213558854496,5
1.0,128,10007128,16719,693,2.0862341772151898,1264,6127,0.8963632207664887,0
1.0,129,10007129,16772,695,2.1682322801024765,1171,6066,0.8550238669278644,1
1.0,130,10007130,16665,693,2.2848979591836733,1225,6029,0.8407553599605802,2
1.0,131,10007131,16684,696,2.2586903799514957,1237,6021,0.8500774630852014,3
1.0,132,10007132,16678,713,2.210236220472441,1270,6059,0.8951975386554375,0
1.0,133,10007133,16838,707,2.0224719101123596,1157,6150,0.8811944535731466,1
1.0,134,10007134,16751,705,2.1611570247933884,1210,6057,0.8914027003044798,2
1.0,135,10007135,16752,707,2.0556451612903226,1240,6179,0.8182898627376367,2
1.0,136,10007136,16736,687,2.20767306088407,1199,6023,0.8948258731786808,0
1.0,137,10007137,16735,717,2.235142118863049,1161,6129,0.8914886059165431,2
1.0,138,10007138,16716,714,2.190089358245329,1231,6073,0.8835232729877275,1
1.0,139,10007139,16793,713,2.026984126984127,1260,6077,0.896258203049151,0
1.0,140,10007140,16705,709,2.2375737152485256,1187,6113,0.8934558663889136,1
1.0,141,10007141,16807,707,2.03125,1184,6197,0.8965359793321621,0
1.0,142,10007142,16674,701,2.232299124900557,1257,6065,0.8950133167764983,0
1.0,143,10007143,16743,714,2.2408376963350785,1146,6138,0.8844610920415146,1
1.0,144,10007144,16717,704,2.2480553154710456,1157,6165,0.8552833302294603,3
1.0,145,10007145,16702,700,2.2483388704318936,1204,6094,0.8374503809235618,2
1.0,146,10007146,16727,723,2.1609287429943955,1249,6041,0.8956122487844415,0
1.0,147,10007147,16739,713,2.080952380952381,1260,6134,0.8957050720370885,0
1.0,148,10007148,16782,718,2.0699588477366255,1215,6123,0.8775731135277338,1
1.0,149,10007149,16755,701,2.1563011456628476,1222,6020,0.8271700411345032,2
1.0,150,10007150,16693,709,2.240228013029316,1228,6040,0.8868995047690695,2
1.0,151,10007151,16724,700,2.13884430176565,1246,6101,0.8424302532943978,2
1.0,152,10007152,16752,714,2.0858505564387917,1258,6056,0.8957815143087174,0
1.0,153,10007153,16734,717,2.139646869983949,1246,6073,0.8943207334266781,1
1.0,154,10007154,16743,699,2.1408906882591094,1235,6064,0.8095296506862539,2
1.0,155,10007155,16768,719,2.1122278056951425,1194,6146,0.8955009488780445,0
1.0,156,10007156,16702,721,2.242225859247136,1222,6071,0.8941815812658769,1
1.0,157,10007157,16687,683,2.2097165991902834,1235,6091,0.875270389801516,3
1.0,158,10007158,16628,706,2.327777777777778,1260,6057,0.8748295096157573,1
1.0,159,10007159,16724,701,2.1510673234811164,1218,6147,0.895885000847435,0
1.0,160,10007160,16771,721,2.0788617886178864,1230,6102,0.8959943741200572,0
1.0,161,10007161,16633,704,2.3343949044585988,1256,5988,0.8935126179195917,1
1.0,162,10007162,16708,707,2.280327868852459,1220,5953,0.885112756884114,1
1.0,163,10007163,16688,689,2.3156544054747648,1169,6083,0.886498331639015,2
1.0,164,10007164,16671,702,2.275945293644409,1243,6019,0.8913008300867198,1
1.0,165,10007165,16648,721,2.2527821939586645,1258,6101,0.8851618596060054,1
1.0,166,10007166,16649,704,2.2901134521880064,1234,6094,0.8787872043668352,3
1.0,167,10007167,16752,693,2.0726698262243284,1266,6067,0.8806460960328162,2
1.0,168,10007168,16822,707,2.050513698630137,1168,6104,0.8953487920147871,0
1.0,169,10007169,16635,700,2.3041029766693484,1243,6089,0.8952921651370277,0
1.0,170,10007170,16714,702,2.210912052117264,1228,6053,0.8951296925899517,0
1.0,171,10007171,16749,713,2.127831715210356,1236,6079,0.8574116217424628,1
1.0,172,10007172,16684,711,2.324553950722175,1177,6077,0.8908057630770048,2
1.0,173,10007173,16776,697,2.1335587489433645,1183,6068,0.8952856992257703,0
1.0,174,10007174,16626,707,2.325545171339564,1284,5967,0.8740200075395457,3
1.0,175,10007175,16720,704,2.157726180944756,1249,6020,0.8955692994477629,0
1.0,176,10007176,16639,723,2.3940928270042194,1185,6128,0.8818720859291679,2
1.0,177,10007177,16655,690,2.2804578904333606,1223,6106,0.8383349284111968,2
1.0,178,10007178,16683,699,2.1666666666666665,1302,6026,0.8845127004545483,1
1.0,179,10007179,16741,708,2.220168067226891,1190,6032,0.8933988944474377,1
1.0,180,10007180,16756,715,2.0772908366533867,1255,6056,0.8959303646088067,0
1.0,181,10007181,16731,701,2.117088607594937,1264,6058,0.8297673214187364,2
1.0,182,10007182,16668,690,2.36340206185567,1164,6099,0.829386184098069,2
1.0,183,10007183,16784,701,2.1303979678238782,1181,6043,0.8877393274357349,1
1.0,184,10007184,16710,717,2.158576051779935,1236,6114,0.8586136736623653,3
1.0,185,10007185,16752,704,2.1506961506961506,1221,6045,0.8898659187118376,1
1.0,186,10007186,16771,702,2.2074010327022373,1162,6018,0.8574114177114491,1
1.0,187,10007187,16745,704,2.168896321070234,1196,6137,0.8815072115595626,1
1.0,188,10007188,16674,703,2.25327868852459,1220,6108,0.8139767594636167,4
1.0,189,10007189,16696,712,2.2533003300330035,1212,6069,0.8869328828410236,1
1.0,190,10007190,16795,704,2.1165381319622965,1167,6099,0.8956268132167441,0
1.0,191,10007191,16763,717,2.088709677419355,1240,6094,0.8959379725844844,1
1.0,192,10007192,16789,712,2.0209508460918615,1241,6094,0.8957550938570306,0
1.0,193,10007193,16728,707,2.181438127090301,1196,6119,0.8958428041489788,0
1.0,194,10007194,16675,689,2.279399499582986,1199,6100,0.8928666738532101,2
1.0,195,10007195,16774,717,2.1379310344827585,1189,6084,0.8942201032605427,1
1.0,196,10007196,16807,700,2.0390824129141887,1177,6177,0.8914422818003331,1
1.0,197,10007197,16715,682,2.164629176854116,1227,6120,0.8939921509838296,1
1.0,198,10007198,16723,710,2.2379788101059495,1227,5983,0.8880049808781765,2
1.0,199,10007199,16774,714,2.0553745928338762,1228,6135,0.8501750380990494,1
1.0,200,10007200,16703,704,2.3023850085178874,1174,6060,0.8897991215161876,3
1.0,201,10007201,16774,705,2.063569682151589,1227,6101,0.8772422659306616,1
1.0,202,10007202,16691,698,2.257237386269644,1209,6103,0.878173117994192,1
1.0,203,10007203,16765,714,2.1040462427745665,1211,6100,0.896024573627318,0
1.0,204,10007204,16736,719,2.1880131362889985,1218,6038,0.8858838988590643,1
1.0,205,10007205,16676,711,2.2506102522375917,1229,6094,0.8925971543389538,2
1.0,206,10007206,16707,699,2.1972062448644207,1217,6114,0.894895529350768,1
1.0,207,10007207,16638,717,2.371996685998343,1207,6031,0.875982701096546,2
1.0,208,10007208,16662,695,2.2800324675324677,1232,6058,0.8775858426107138,2
1.0,209,10007209,16790,705,2.1373390557939915,1165,6076,0.8679916485650787,1
1.0,210,10007210,16735,692,2.1933609958506226,1205,6053,0.8946396121431803,1
1.0,211,10007211,16677,697,2.3102866779089375,1186,6058,0.8306957702676009,2
1.0,212,10007212,16726,685,2.147963424771405,1203,6171,0.8565892058348441,1
1.0,213,10007213,16775,707,2.1171019376579614,1187,6099,0.8924315851553815,1
1.0,214,10007214,16676,711,2.3236272878535775,1202,6012,0.8754266388363213,3
1.0,215,10007215,16823,718,2.0571672354948807,1172,6094,0.8953966495144657,0
1.0,216,10007216,16745,711,2.2539823008849558,1130,6124,0.8922992139198141,2
1.0,217,10007217,16763,720,2.0600790513833993,1265,6100,0.8964867698490945,0
1.0,218,10007218,16739,700,2.1508196721311474,1220,6104,0.8954989689782942,1
1.0,219,10007219,16699,711,2.085218702865762,1326,6086,0.8684384394962963,1
1.0,220,10007220,16642,716,2.3837882547559968,1209,6032,0.8654439915898957,2
1.0,221,10007221,16702,719,2.2699588477366257,1215,6039,0.8949384200240622,0
1.0,222,10007222,16742,706,2.171979865771812,1192,6126,0.8951705581158205,0
1.0,223,10007223,16783,714,2.1045150501672243,1196,6080,0.8937956507475826,1
1.0,224,10007224,16711,715,2.1863149216817805,1213,6166,0.8890268262237122,1
1.0,225,10007225,16697,716,2.1577287066246056,1268,6096,0.8957284356358526,0
1.0,226,10007226,16730,701,2.217175887696119,1211,6008,0.8771023854732907,2
1.0,227,10007227,16747,699,2.107289107289107,1221,6124,0.8956178636989808,0
1.0,228,10007228,16582,705,2.4821872410936208,1207,6064,0.8933142008431112,1
1.0,229,10007229,16655,698,2.3111291632818847,1231,6036,0.8196341520165266,5
1.0,230,10007230,16728,712,2.2060555088309504,1189,6108,0.8771798519073247,2
1.0,231,10007231,16635,697,2.3477198697068404,1228,6039,0.8768581795743227,2
1.0,232,10007232,16761,715,2.105176663927691,1217,6125,0.8963745737120152,0
1.0,233,10007233,16702,715,2.243107769423559,1197,6106,0.8560019108685213,1
1.0,234,10007234,16694,705,2.213877551020408,1225,6156,0.8622736498038014,2
1.0,235,10007235,16716,706,2.2200996677740865,1204,6076,0.7989168892740558,5
1.0,236,10007236,16847,724,1.9477977161500815,1226,6087,0.8949259893427686,1
1.0,237,10007237,16680,693,2.2694214876033056,1210,6059,0.8931166794396187,1
1.0,238,10007238,16729,708,2.1962931760741364,1187,6122,0.8777121797835962,1
1.0,239,10007239,16706,717,2.1484126984126983,1260,6107,0.8946705161596308,1
1.0,240,10007240,16846,707,2.005813953488372,1204,6025,0.8746400602832723,1
1.0,241,10007241,16717,712,2.227722772277228,1212,6028,0.8940956531144921,1
1.0,242,10007242,16735,709,2.0820836621941594,1267,6103,0.8956138858476184,0
1.0,243,10007243,16753,707,2.190717299578059,1185,6057,0.8900345494289631,1
1.0,244,10007244,16706,714,2.3196229648671807,1167,6028,0.8550727014208593,3
1.0,245,10007245,16734,695,2.2182296231375984,1141,6153,0.8929135364417897,1
1.0,246,10007246,16804,719,2.0981543624161074,1192,6066,0.8957213233564063,0
1.0,247,10007247,16653,689,2.2747967479674798,1230,6092,0.8899389389108604,1
1.0,248,10007248,16797,706,1.9599056603773586,1272,6141,0.832329765145394,2
1.0,249,10007249,16758,711,2.1831223628691983,1185,6045,0.8349558699262628,3
1.0,250,10007250,16754,715,2.096696212731668,1241,6099,0.8899980346908049,1
1.0,251,10007251,16737,694,2.151219512195122,1230,6082,0.8849782847477332,1
1.0,252,10007252,16760,715,2.0640512409927942,1249,6118,0.8961739986403089,1
1.0,253,10007253,16746,712,2.162809917355372,1210,6035,0.8947334265439423,1
1.0,254,10007254,16718,715,2.1916118421052633,1216,6111,0.8950998197241157,0
1.0,255,10007255,16701,691,2.1996779388083736,1242,6078,0.8397053664410319,2
1.0,256,10007256,16751,717,2.122679580306699,1239,6063,0.8951369656168465,0
1.0,257,10007257,16704,704,2.2341302555647156,1213,6085,0.8797366445031859,3
1.0,258,10007258,16799,713,2.05327868852459,1220,6058,0.8958289699885995,0
1.0,259,10007259,16693,701,2.2812762384550798,1191,6071,0.8519378239986594,2
1.0,260,10007260,16705,706,2.2122448979591836,1225,6071,0.8646253741299151,3
1.0,261,10007261,16777,703,2.0943877551020407,1176,6164,0.8952121373247734,1
1.0,262,10007262,16895,712,1.8702163061564059,1202,6155,0.8967167111184171,0
1.0,263,10007263,16758,716,2.167630057803468,1211,6013,0.8950626553995985,0
1.0,264,10007264,16771,707,2.09045643153527,1205,6135,0.89546743012164,0
1.0,265,10007265,16723,722,2.181668042939719,1211,6140,0.8788418114969977,1
1.0,266,10007266,16676,714,2.3235540653813915,1193,6027,0.8901634798976126,1
1.0,267,10007267,16776,701,2.1836555360281196,1138,6106,0.8922520646090127,1
1.0,268,10007268,16820,711,1.957757920389927,1231,6133,0.8816442662835197,1
1.0,269,10007269,16646,706,2.3126022913256956,1222,6120,0.8414644158301577,3
1.0,270,10007270,16632,709,2.364291433146517,1249,5969,0.8779426973004905,3
1.0,271,10007271,16665,698,2.2178060413354532,1258,6129,0.8957765693637221,0
1.0,272,10007272,16730,713,2.2412914188615125,1177,6095,0.8954135398754811,0
1.0,273,10007273,16714,704,2.1893203883495147,1236,6066,0.8955037535864477,0
1.0,274,10007274,16778,690,2.02914979757085,1235,6144,0.8965801703594121,0
1.0,275,10007275,16716,713,2.234804329725229,1201,6067,0.8886563610848711,2
1.0,276,10007276,16755,723,2.116165718927701,1231,6069,0.88721616322686,1
1.0,277,10007277,16684,708,2.2731023102310233,1212,6074,0.8950417613261761,0
1.0,278,10007278,16745,715,2.2508650519031144,1156,6072,0.8944007563640749,0
1.0,279,10007279,16706,708,2.1644951140065145,1228,6145,0.8922517222463784,1
1.0,280,10007280,16745,714,2.1969045571797077,1163,6139,0.8955085704554863,0
1.0,281,10007281,16769,707,2.094249201277955,1252,6023,0.8430879482450079,1
1.0,282,10007282,16709,712,2.2510460251046025,1195,6076,0.8961197100846139,0
1.0,283,10007283,16656,716,2.2223076923076923,1300,6030,0.8952264506357288,0
1.0,284,10007284,16692,701,2.2333333333333334,1230,6046,0.8849982393381184,1
1.0,285,10007285,16718,696,2.2086092715231787,1208,6054,0.8587197614699603,1
1.0,286,10007286,16721,710,2.138755980861244,1254,6083,0.892708163361642,1
1.0,287,10007287,16667,716,2.217285945072698,1238,6156,0.8901425854189531,3
1.0,288,10007288,16713,696,2.245643153526971,1205,6031,0.8944432556638215,1
1.0,289,10007289,16798,706,2.0614107883817425,1205,6100,0.895742216736334,0
1.0,290,10007290,16729,699,2.178250204415372,1223,6072,0.8955561812457292,0
1.0,291,10007291,16805,723,2.0334148329258355,1227,6092,0.8959707776111923,0
1.0,292,10007292,16746,712,2.1210139002452983,1223,6095,0.8951956917212927,1
1.0,293,10007293,16612,704,2.3634894991922457,1238,6083,0.8820218227111214,2
1.0,294,10007294,16757,703,2.100654664484452,1222,6152,0.8961033650588552,0
1.0,295,10007295,16703,698,2.18925421010425,1247,6078,0.896208860921603,0
1.0,296,10007296,16822,722,1.9796582587469487,1229,6138,0.8963441127819894,0
1.0,297,10007297,16757,712,2.157142857142857,1190,6102,0.8954166964918864,0
1.0,298,10007298,16702,702,2.2035685320356855,1233,6115,0.8626730884133404,1
1.0,299,10007299,16779,711,2.0231444533120513,1253,6087,0.8911648902141479,1
1.0,300,10007300,16759,713,2.1221498371335503,1228,6082,0.8954328942247942,0
1.0,301,10007301,16684,700,2.3055555555555554,1188,6079,0.8861329735170271,3
1.0,302,10007302,16791,706,2.179352580927384,1143,6060,0.8913349818858954,1
1.0,303,10007303,16661,720,2.2596380802517704,1271,6032,0.8948101300564181,0
1.0,304,10007304,16770,710,2.099009900990099,1212,6111,0.843126318325133,1
1.0,305,10007305,16692,703,2.2294685990338166,1242,6035,0.8903668775551218,1
1.0,306,10007306,16641,692,2.33931484502447,1226,6051,0.8935173166766945,1
1.0,307,10007307,16750,695,2.1109298531810765,1226,6095,0.8764641313509619,1
1.0,308,10007308,16723,706,2.171887550200803,1245,6020,0.8952705129358302,0
1.0,309,10007309,16691,702,2.2178861788617885,1230,6089,0.8947452504178646,1
1.0,310,10007310,16677,694,2.3194675540765393,1202,6064,0.8639448241766381,2
1.0,311,10007311,16764,715,2.1456392887383573,1181,6121,0.8953991239058802,0
1.0,312,10007312,16765,708,2.1302170283806343,1198,6069,0.8949242568414869,0
1.0,313,10007313,16792,705,2.0827868852459015,1220,6021,0.8953520701899433,0
1.0,314,10007314,16732,710,2.201154163231657,1213,6038,0.8939516190278176,1
1.0,315,10007315,16766,705,2.148671096345515,1204,6055,0.8825518666478839,2
1.0,316,10007316,16704,711,2.1370284834488067,1299,6051,0.8960751037498401,0
1.0,317,10007317,16722,708,2.1766612641815235,1234,6082,0.8904413119057943,1
1.0,318,10007318,16735,718,2.1863149216817805,1213,6082,0.8954322701858202,0
1.0,319,10007319,16763,719,2.091720779220779,1232,6097,0.8896119114024614,1
1.0,320,10007320,16736,710,2.1761744966442955,1192,6117,0.8690130565667612,1
1.0,321,10007321,16667,708,2.2681159420289854,1242,6019,0.8932339046856261,3
1.0,322,10007322,16783,698,2.0793650793650795,1197,6128,0.8593891598782465,1
1.0,323,10007323,16740,714,2.172901080631754,1203,6093,0.8818204158697271,1
1.0,324,10007324,16768,716,2.0516962843295636,1238,6147,0.8845382829379618,1
1.0,325,10007325,16721,714,2.2110552763819094,1194,6139,0.8894366240401894,1
1.0,326,10007326,16710,709,2.1824817518248176,1233,6120,0.8665268758971829,1
1.0,327,10007327,16774,695,2.117892976588629,1196,6086,0.8900015102277214,1
1.0,328,10007328,16696,708,2.23044925124792,1202,6128,0.8952396158136654,0
1.0,329,10007329,16776,713,2.1514893617021276,1175,6070,0.8539399967477458,1
1.0,330,10007330,16579,710,2.441390460792239,1237,6019,0.8566344562475429,4
1.0,331,10007331,16713,703,2.2327731092436975,1190,6086,0.8733045151792387,1
1.0,332,10007332,16787,707,2.089390142021721,1197,6099,0.8959848940712574,0
1.0,333,10007333,16736,697,2.1056393963463065,1259,6109,0.8953361053589433,0
1.0,334,10007334,16729,710,2.11048839071257,1249,6146,0.8957537143344106,0
1.0,335,10007335,16662,696,2.331654072208228,1191,6062,0.8725954733275076,2
1.0,336,10007336,16786,712,2.1693480101608804,1181,5995,0.8954080718211678,0
1.0,337,10007337,16647,724,2.3919259882253994,1189,6071,0.8879037810318309,1
1.0,338,10007338,16796,711,2.076858813700919,1197,6119,0.8952637153198584,0
1.0,339,10007339,16814,717,2.082283795130143,1191,6044,0.8943632697112054,1
1.0,340,10007340,16713,698,2.1998361998362,1221,6084,0.8928076425187058,1
1.0,341,10007341,16686,724,2.1955128205128207,1248,6136,0.8953569689472998,1
1.0,342,10007342,16793,698,2.054726368159204,1206,6124,0.8862797116989778,1
1.0,343,10007343,16704,715,2.258361204013378,1196,6040,0.8770225269103644,3
1.0,344,10007344,16800,695,2.1179531656548134,1153,6122,0.8956464360200022,0
1.0,345,10007345,16648,718,2.285377358490566,1272,6008,0.8956211928216714,0
1.0,346,10007346,16727,716,2.1420454545454546,1232,6114,0.8929599410589756,2
1.0,347,10007347,16738,711,2.11394422310757,1255,6063,0.8926941523638513,1
1.0,348,10007348,16684,707,2.2195704057279237,1257,6065,0.8959029674183597,0
1.0,349,10007349,16769,713,2.1381634372367313,1187,6084,0.8948759361898802,0
1.0,350,10007350,16701,715,2.226978998384491,1238,6003,0.8952686009067531,0
1.0,351,10007351,16752,708,2.01953125,1280,6113,0.8951169461996338,1
1.0,352,10007352,16633,708,2.351440329218107,1215,6074,0.8722122601647218,3
1.0,353,10007353,16774,689,2.117247238742566,1177,6120,0.8496455636831655,1
1.0,354,10007354,16641,704,2.3239901071723,1213,6127,0.8853580989935035,3
1.0,355,10007355,16693,721,2.211460855528652,1239,6092,0.8760685688155403,2
1.0,356,10007356,16730,719,2.120414673046252,1254,6112,0.8942525481229984,1
1.0,357,10007357,16762,708,2.1273779983457404,1209,6121,0.8957015549247357,0
1.0,358,10007358,16740,708,2.1199677938808374,1242,6059,0.8955086488128551,0
1.0,359,10007359,16696,706,2.237698081734779,1199,6117,0.8923928528917315,2
1.0,360,10007360,16746,699,2.1259021651964716,1247,6054,0.8958971220295335,0
1.0,361,10007361,16858,713,1.9727659574468086,1175,6121,0.8955792281389584,0
1.0,362,10007362,16639,706,2.1913439635535306,1317,6110,0.8949916643740078,1
1.0,363,10007363,16773,712,2.0219607843137255,1275,6095,0.8719166006189949,1
1.0,364,10007364,16660,703,2.2859504132231403,1210,6103,0.845132759205814,5
1.0,365,10007365,16751,704,2.076923076923077,1222,6170,0.8900858703044765,2
1.0,366,10007366,16686,701,2.246913580246914,1215,6109,0.8906584182265709,2
1.0,367,10007367,16723,715,2.2026468155500414,1209,6076,0.894457956568858,1
1.0,368,10007368,16790,720,2.0161290322580645,1240,6123,0.8960449073308892,0
1.0,369,10007369,16660,692,2.2209026128266034,1263,6081,0.8879745875247924,1
1.0,370,10007370,16713,711,2.277684563758389,1192,6047,0.8684499962709366,1
1.0,371,10007371,16763,712,2.0831987075928917,1238,6110,0.8944380555871311,1
1.0,372,10007372,16733,700,2.115232833464878,1267,6075,0.8476630938263974,1
1.0,373,10007373,16757,714,2.0938511326860842,1236,6108,0.8950890971694825,1
1.0,374,10007374,16755,725,2.1867115222876365,1189,6073,0.8956406074113558,0
1.0,375,10007375,16741,700,2.1620065789473686,1216,6079,0.894983908700102,0
1.0,376,10007376,16634,698,2.3101815311760063,1267,5996,0.8930948337838149,1
1.0,377,10007377,16748,714,2.1108414239482203,1236,6097,0.8952086284796603,0
1.0,378,10007378,16709,722,2.2293202293202294,1221,6043,0.8945597166350716,1
1.0,379,10007379,16753,712,2.0659253375694995,1259,6120,0.8960957026647336,0
1.0,380,10007380,16694,698,2.2679465776293823,1198,6097,0.8372404436378795,3
1.0,381,10007381,16826,718,2.0184718723761543,1191,6124,0.8955322073733955,0
1.0,382,10007382,16759,708,2.108854589764419,1231,6097,0.8532488241103267,2
1.0,383,10007383,16687,718,2.226537216828479,1236,6077,0.8741290924780456,3
1.0,384,10007384,16691,709,2.181531176006314,1267,6084,0.8657667522923631,2
1.0,385,10007385,16789,701,2.00160128102482,1249,6119,0.8962527448109899,0
1.0,386,10007386,16783,709,2.06601466992665,1227,6106,0.8862127001026765,2
1.0,387,10007387,16748,715,2.102584814216478,1238,6102,0.8771188837277929,1
1.0,388,10007388,16745,713,2.1568296795952784,1186,6150,0.892429630876466,1
1.0,389,10007389,16736,709,2.0658207771609836,1261,6195,0.895529593570586,0
1.0,390,10007390,16776,680,2.1429780033840946,1182,6029,0.8750100596508379,2
1.0,391,10007391,16742,708,2.211784799316823,1171,6137,0.882659838371783,1
1.0,392,10007392,16777,701,2.157081545064378,1165,6074,0.8942407923936904,1
1.0,393,10007393,16810,700,2.1559792027729636,1154,5976,0.8233069258480707,2
1.0,394,10007394,16768,709,2.141638225255973,1172,6147,0.8944299177909741,1
1.0,395,10007395,16727,694,2.180246913580247,1215,6088,0.8583249001707249,2
1.0,396,10007396,16735,710,2.16597853014038,1211,6120,0.8931381100455689,1
1.0,397,10007397,16768,703,2.133663366336634,1212,6036,0.8952680174799031,0
1.0,398,10007398,16809,702,2.0171288743882543,1226,6078,0.8959965331284747,0
1.0,399,10007399,16690,708,2.340498710232158,1163,6083,0.8919869383089185,1
